case_id,seed,difficulty,step,action_type,action,target_priority,hotspot_priority,bladder_priority,rectum_priority,femoral_heads_priority,target_d98_gy,target_d99_gy,target_d02_gy,target_variation_acceptable,oars_variation_acceptable,variation_acceptable,maximum_oar_variation_ratio,paddick_ci_95,r50,violation_score
prostate3d-102428,102428,hard,0,initial_plan,Create initial seven-field plan,1.0,1.0,1.0,1.0,1.0,58.2008029460907,57.440642058849335,72.9055666923523,False,True,False,0.5498044628479412,0.8708594591171068,4.052346570397112,0.010190426086892863
prostate3d-102428,102428,hard,1,increase_target_priority,Increase target priority 1.00 -> 1.75,1.75,1.0,1.0,1.0,1.0,59.07503879070282,58.29761391878128,73.17233562469482,True,True,True,0.5498044628479412,0.8712499928256989,4.245487364620939,0.0
prostate3d-108813,108813,hard,0,initial_plan,Create initial seven-field plan,1.0,1.0,1.0,1.0,1.0,57.794906973838806,56.953526937961584,72.88171291351318,False,True,False,0.5756207674943568,0.8532263265379241,4.0242914979757085,0.017093418812265154
prostate3d-108813,108813,hard,1,increase_target_priority,Increase target priority 1.00 -> 1.75,1.75,1.0,1.0,1.0,1.0,58.47340564727783,58.080048179626466,73.55433225631714,False,True,False,0.5981941309255079,0.8458904109589042,4.461538461538462,0.005554325726567483
prostate3d-108813,108813,hard,2,increase_target_priority,Increase target priority 1.75 -> 3.06,3.0625,1.0,1.0,1.0,1.0,59.17886717319488,58.795896327495576,73.76066207885742,True,True,True,0.6057185854025583,0.8302521008403362,4.540485829959514,0.0
prostate3d-101520,101520,hard,0,initial_plan,Create initial seven-field plan,1.0,1.0,1.0,1.0,1.0,58.44381380081177,57.980114579200745,71.40340805053711,False,True,False,0.45602605863192186,0.8725314183123878,3.9958847736625516,0.006057588421568531
prostate3d-101520,101520,hard,1,increase_target_priority,Increase target priority 1.00 -> 1.75,1.75,1.0,1.0,1.0,1.0,59.077353715896606,58.52232027053833,72.22226142883301,True,True,True,0.44951140065146583,0.8526315789473684,4.216049382716049,0.0
prostate3d-102113,102113,hard,0,initial_plan,Create initial seven-field plan,1.0,1.0,1.0,1.0,1.0,58.46254849433899,57.69167697429657,71.79782152175903,False,True,False,0.41244844394450697,0.8613154537806385,3.878437047756874,0.005738971184711019
prostate3d-102113,102113,hard,1,increase_target_priority,Increase target priority 1.00 -> 1.75,1.75,1.0,1.0,1.0,1.0,59.13899230957031,58.30297780036926,71.85042142868042,True,True,True,0.41994750656167973,0.84710948053269,4.120115774240231,0.0
