case_id,difficulty,plan,target_d95,target_d02,oar_0_mean,oar_1_mean,oar_2_mean,paddick_ci_95,rtog_ci_95,r50,body_mean_dose,target_v95_percent
prostate3d-104720,easy,initial,1.5208957195281982,1.6717305183410645,0.15625710785388947,0.548902690410614,0.685214102268219,0.0594059405940594,16.833333333333332,82.00641025641026,0.17384612560272217,100.0
prostate3d-104720,easy,endpoint,0.9741008281707764,1.1257926225662231,0.10445661842823029,0.35768449306488037,0.33918294310569763,0.12502108636977058,7.794871794871795,63.60897435897436,0.13967293500900269,98.71794871794872
prostate3d-104720,easy,trajectory,0.970287561416626,1.1248494386672974,0.10358339548110962,0.352165549993515,0.32251879572868347,0.10944970556201658,8.903846153846153,63.82692307692308,0.14141422510147095,98.71794871794872
prostate3d-103999,moderate,initial,1.404045820236206,1.6294095516204834,0.38080549240112305,0.5163614153862,0.5995506644248962,0.15106853352984526,6.619512195121951,41.546341463414635,0.1231822595000267,100.0
prostate3d-103999,moderate,endpoint,0.9517186880111694,1.1299262046813965,0.2628294825553894,0.31350618600845337,0.2734043002128601,0.5345469881211781,1.6926829268292682,16.57560975609756,0.0842466801404953,95.1219512195122
prostate3d-103999,moderate,trajectory,0.9665095210075378,1.1939395666122437,0.2523373067378998,0.2963743805885315,0.31652534008026123,0.4360623245058636,2.1609756097560977,17.26829268292683,0.08910834789276123,97.07317073170732
prostate3d-102428,hard,initial,1.1389669179916382,1.570064663887024,0.578469455242157,0.5827791690826416,0.5650359988212585,0.31602966343411293,3.164259927797834,19.52707581227437,0.17016559839248657,100.0
prostate3d-102428,hard,endpoint,0.9505094885826111,1.2295410633087158,0.44784969091415405,0.4303762912750244,0.3276791572570801,0.36506956319800704,2.4693140794223827,15.120938628158845,0.1562643200159073,94.94584837545126
prostate3d-102428,hard,trajectory,0.9512920379638672,1.2306774854660034,0.45164111256599426,0.4334089159965515,0.3025626242160797,0.380072421959569,2.371841155234657,14.667870036101084,0.15473254024982452,94.94584837545126
