training_seed,case_id,case_seed,difficulty,condition,acceptable,violation_score,canonical_objective,high_level_actions,stopping_reason
0,synthetic3d-018036,18036,easy,endpoint_direct,True,0.0,0.024059774787019705,1,direct_terminal_settings
0,synthetic3d-018036,18036,easy,trajectory_policy,True,0.0,0.0444974199126591,1,acceptable
0,synthetic3d-018032,18032,hard,endpoint_direct,False,0.24357754705933532,0.3449457779061049,1,direct_terminal_settings
0,synthetic3d-018032,18032,hard,trajectory_policy,False,0.3064112056734457,0.39579223142936826,3,policy_stop
0,synthetic3d-018015,18015,easy,endpoint_direct,True,0.0,0.048806566883285996,1,direct_terminal_settings
0,synthetic3d-018015,18015,easy,trajectory_policy,False,0.02902031668189098,0.08644735564303119,1,policy_stop
0,synthetic3d-018018,18018,easy,endpoint_direct,True,0.0,0.03499608730635373,1,direct_terminal_settings
0,synthetic3d-018018,18018,easy,trajectory_policy,True,0.0,0.0553905768902041,1,acceptable
0,synthetic3d-018025,18025,moderate,endpoint_direct,True,0.0,0.11004690464687883,1,direct_terminal_settings
0,synthetic3d-018025,18025,moderate,trajectory_policy,True,0.0,0.1724793402263458,1,acceptable
0,synthetic3d-018012,18012,easy,endpoint_direct,False,0.10681363458840876,0.11681727264658548,1,direct_terminal_settings
0,synthetic3d-018012,18012,easy,trajectory_policy,False,0.20890547168494455,0.1787673212675145,1,policy_stop
0,synthetic3d-018001,18001,moderate,endpoint_direct,True,0.0,0.19764494951232336,1,direct_terminal_settings
0,synthetic3d-018001,18001,moderate,trajectory_policy,False,0.2133418655336805,0.33963324036449194,1,policy_stop
0,synthetic3d-018022,18022,moderate,endpoint_direct,True,0.0,0.2166377731555258,1,direct_terminal_settings
0,synthetic3d-018022,18022,moderate,trajectory_policy,False,0.04953929662755252,0.2758886606898159,2,policy_stop
1,synthetic3d-018036,18036,easy,endpoint_direct,True,0.0,0.024530016016797163,1,direct_terminal_settings
1,synthetic3d-018036,18036,easy,trajectory_policy,True,0.0,0.04333085658799973,1,acceptable
1,synthetic3d-018032,18032,hard,endpoint_direct,False,0.3348648854845823,0.3828318972955458,1,direct_terminal_settings
1,synthetic3d-018032,18032,hard,trajectory_policy,False,0.06047267913818359,0.3038298731553368,4,policy_stop
1,synthetic3d-018015,18015,easy,endpoint_direct,True,0.0,0.04889067022304516,1,direct_terminal_settings
1,synthetic3d-018015,18015,easy,trajectory_policy,False,0.0451446429461837,0.08433011473243823,1,policy_stop
1,synthetic3d-018018,18018,easy,endpoint_direct,True,0.0,0.03632102056144504,1,direct_terminal_settings
1,synthetic3d-018018,18018,easy,trajectory_policy,True,0.0,0.05539058358408511,1,acceptable
1,synthetic3d-018025,18025,moderate,endpoint_direct,True,0.0,0.13779504239209928,1,direct_terminal_settings
1,synthetic3d-018025,18025,moderate,trajectory_policy,True,0.0,0.17247932556529122,1,acceptable
1,synthetic3d-018012,18012,easy,endpoint_direct,False,0.10421282522790509,0.1161840890563326,1,direct_terminal_settings
1,synthetic3d-018012,18012,easy,trajectory_policy,False,0.19496289451989646,0.16729642273276113,2,policy_stop
1,synthetic3d-018001,18001,moderate,endpoint_direct,False,0.21684289437524096,0.3520207229303196,1,direct_terminal_settings
1,synthetic3d-018001,18001,moderate,trajectory_policy,False,0.05534311372733747,0.3567927418043837,2,policy_stop
1,synthetic3d-018022,18022,moderate,endpoint_direct,True,0.0,0.21855866889382014,1,direct_terminal_settings
1,synthetic3d-018022,18022,moderate,trajectory_policy,False,0.16195744981321725,0.3624501856393181,1,policy_stop
2,synthetic3d-018036,18036,easy,endpoint_direct,True,0.0,0.02412612931948388,1,direct_terminal_settings
2,synthetic3d-018036,18036,easy,trajectory_policy,True,0.0,0.043330835633241804,1,acceptable
2,synthetic3d-018032,18032,hard,endpoint_direct,False,0.2514974753982502,0.34936310577904806,1,direct_terminal_settings
2,synthetic3d-018032,18032,hard,trajectory_policy,False,0.3064111103060141,0.39579209551448,3,policy_stop
2,synthetic3d-018015,18015,easy,endpoint_direct,True,0.0,0.04937553443596698,1,direct_terminal_settings
2,synthetic3d-018015,18015,easy,trajectory_policy,False,0.045144425688444345,0.08433006158156786,1,policy_stop
2,synthetic3d-018018,18018,easy,endpoint_direct,True,0.0,0.03488461024971912,1,direct_terminal_settings
2,synthetic3d-018018,18018,easy,trajectory_policy,True,0.0,0.05539061428862624,1,acceptable
2,synthetic3d-018025,18025,moderate,endpoint_direct,True,0.0,0.10249206243315712,1,direct_terminal_settings
2,synthetic3d-018025,18025,moderate,trajectory_policy,True,0.0,0.17247934744773374,1,acceptable
2,synthetic3d-018012,18012,easy,endpoint_direct,False,0.12891699408676982,0.12034638508339413,1,direct_terminal_settings
2,synthetic3d-018012,18012,easy,trajectory_policy,False,0.20890535627294704,0.17876730002171826,1,policy_stop
2,synthetic3d-018001,18001,moderate,endpoint_direct,True,0.0,0.22670809470582753,1,direct_terminal_settings
2,synthetic3d-018001,18001,moderate,trajectory_policy,False,0.2133418655336805,0.3396332082047593,1,policy_stop
2,synthetic3d-018022,18022,moderate,endpoint_direct,True,0.0,0.22980881960393162,1,direct_terminal_settings
2,synthetic3d-018022,18022,moderate,trajectory_policy,False,0.16195722024624848,0.36245021343347616,1,policy_stop
3,synthetic3d-018036,18036,easy,endpoint_direct,True,0.0,0.023940043938637245,1,direct_terminal_settings
3,synthetic3d-018036,18036,easy,trajectory_policy,True,0.0,0.04449741758435266,1,acceptable
3,synthetic3d-018032,18032,hard,endpoint_direct,False,0.4380538591540634,0.4427128979295958,1,direct_terminal_settings
3,synthetic3d-018032,18032,hard,trajectory_policy,False,0.3064111103060141,0.3957921577966772,3,policy_stop
3,synthetic3d-018015,18015,easy,endpoint_direct,True,0.0,0.04890398915449623,1,direct_terminal_settings
3,synthetic3d-018015,18015,easy,trajectory_policy,False,0.02902031668189098,0.08644738511065952,1,policy_stop
3,synthetic3d-018018,18018,easy,endpoint_direct,True,0.0,0.03482230233203154,1,direct_terminal_settings
3,synthetic3d-018018,18018,easy,trajectory_policy,True,0.0,0.05539057106943801,1,acceptable
3,synthetic3d-018025,18025,moderate,endpoint_direct,True,0.0,0.09859129582764581,1,direct_terminal_settings
3,synthetic3d-018025,18025,moderate,trajectory_policy,True,0.0,0.17247939435037551,1,acceptable
3,synthetic3d-018012,18012,easy,endpoint_direct,False,0.09523988866917099,0.11583159473957494,1,direct_terminal_settings
3,synthetic3d-018012,18012,easy,trajectory_policy,False,0.20950965349112316,0.17777807188394945,1,policy_stop
3,synthetic3d-018001,18001,moderate,endpoint_direct,True,0.0,0.19644188185338862,1,direct_terminal_settings
3,synthetic3d-018001,18001,moderate,trajectory_policy,False,0.2133418655336805,0.3396332233387511,1,policy_stop
3,synthetic3d-018022,18022,moderate,endpoint_direct,True,0.0,0.2152143923785843,1,direct_terminal_settings
3,synthetic3d-018022,18022,moderate,trajectory_policy,False,0.1624709090987133,0.35081840556813404,1,policy_stop
4,synthetic3d-018036,18036,easy,endpoint_direct,True,0.0,0.024315450373251224,1,direct_terminal_settings
4,synthetic3d-018036,18036,easy,trajectory_policy,True,0.0,0.04449740978088812,1,acceptable
4,synthetic3d-018032,18032,hard,endpoint_direct,False,0.12539868265277546,0.31571093350066803,1,direct_terminal_settings
4,synthetic3d-018032,18032,hard,trajectory_policy,False,0.16863412792776997,0.4092619806760922,4,policy_stop
4,synthetic3d-018015,18015,easy,endpoint_direct,True,0.0,0.04894185665762052,1,direct_terminal_settings
4,synthetic3d-018015,18015,easy,trajectory_policy,False,0.02902031668189098,0.08644734451081604,1,policy_stop
4,synthetic3d-018018,18018,easy,endpoint_direct,True,0.0,0.035390883131185547,1,direct_terminal_settings
4,synthetic3d-018018,18018,easy,trajectory_policy,True,0.0,0.05539058409340214,1,acceptable
4,synthetic3d-018025,18025,moderate,endpoint_direct,True,0.0,0.08622021432529436,1,direct_terminal_settings
4,synthetic3d-018025,18025,moderate,trajectory_policy,True,0.0,0.17247938668333518,1,acceptable
4,synthetic3d-018012,18012,easy,endpoint_direct,False,0.0980806395721856,0.1154739412595518,1,direct_terminal_settings
4,synthetic3d-018012,18012,easy,trajectory_policy,False,0.20950965349112316,0.17777807130187284,1,policy_stop
4,synthetic3d-018001,18001,moderate,endpoint_direct,True,0.0,0.2391189060290344,1,direct_terminal_settings
4,synthetic3d-018001,18001,moderate,trajectory_policy,False,0.2133418655336805,0.3396332672855351,1,policy_stop
4,synthetic3d-018022,18022,moderate,endpoint_direct,True,0.0,0.21530417358917475,1,direct_terminal_settings
4,synthetic3d-018022,18022,moderate,trajectory_policy,False,0.1619573377831791,0.36245018476620317,1,policy_stop
