case_id,seed,difficulty,mode,field_count,arc_like,angles_degrees,acceptable_synthetic_rules,target_d95,target_d02,oar_0_mean,oar_1_mean,oar_2_mean,maximum_oar_ratio,target_v95_percent,paddick_ci_95,rtog_ci_95,r50,body_mean_dose,elapsed_seconds,peak_memory_mib
prostate3d-104720,104720,easy,static_4,4,False,0.000|90.000|180.000|270.000,False,0.9753471612930298,1.0560940504074097,0.10379818826913834,0.3538815677165985,0.4125301241874695,1.213323894669028,99.35897435897436,0.4438225079435454,2.2243589743589745,32.27564102564103,0.09859731793403625,2.394434200017713,38.52587890625
prostate3d-104720,104720,easy,static_7,7,False,0.000|51.429|102.857|154.286|205.714|257.143|308.571,True,0.9903988838195801,1.023666501045227,0.0987258180975914,0.20540852844715118,0.28838691115379333,0.8481967975111568,100.0,0.47129909365558914,2.121794871794872,15.512820512820513,0.0835600420832634,2.234703499940224,67.36865234375
prostate3d-100492,100492,easy,static_4,4,False,0.000|90.000|180.000|270.000,False,0.9746096730232239,1.1818314790725708,0.12934590876102448,0.33512547612190247,0.3738612234592438,1.099591833703658,99.57264957264957,0.5756929863629615,1.7222222222222223,19.786324786324787,0.10053837299346924,2.09909020003397,35.45849609375
prostate3d-100492,100492,easy,static_7,7,False,0.000|51.429|102.857|154.286|205.714|257.143|308.571,True,0.9869474172592163,1.178707242012024,0.12619969248771667,0.24300909042358398,0.2423449009656906,0.7127791204873253,100.0,0.5492957746478874,1.8205128205128205,10.341880341880342,0.09879814833402634,2.117079099989496,61.21826171875
prostate3d-100887,100887,easy,static_4,4,False,0.000|90.000|180.000|270.000,False,0.9737818837165833,1.0761555433273315,0.11414418369531631,0.3498133420944214,0.4254579246044159,1.2513468370718113,100.0,0.4774011299435028,2.094674556213018,25.810650887573964,0.09803774207830429,2.067515300004743,35.376953125
prostate3d-100887,100887,easy,static_7,7,False,0.000|51.429|102.857|154.286|205.714|257.143|308.571,True,0.9889819622039795,1.0948736667633057,0.10880324989557266,0.2205624282360077,0.2747322618961334,0.8080360644003923,100.0,0.4774011299435028,2.094674556213018,13.733727810650887,0.087615467607975,2.119517400045879,61.2158203125
prostate3d-104767,104767,easy,static_4,4,False,0.000|90.000|180.000|270.000,False,0.9757702350616455,1.1968162059783936,0.16014856100082397,0.33446943759918213,0.3600260317325592,1.0589000933310564,99.56709956709956,0.6058315582125106,1.6363636363636365,20.415584415584416,0.09157384932041168,2.093613200006075,38.93505859375
prostate3d-104767,104767,easy,static_7,7,False,0.000|51.429|102.857|154.286|205.714|257.143|308.571,True,0.9843458533287048,1.1836459636688232,0.1555517613887787,0.23193730413913727,0.267050564289093,0.7854428361443911,100.0,0.5460992907801419,1.8311688311688312,10.25974025974026,0.08822162449359894,2.078527900041081,64.32421875
prostate3d-103999,103999,moderate,static_4,4,False,0.000|90.000|180.000|270.000,False,0.9690262079238892,1.0838595628738403,0.26595863699913025,0.3515171408653259,0.40353575348854065,1.1868698632015902,99.51219512195122,0.659106746911625,1.502439024390244,19.536585365853657,0.08381561189889908,2.059305500006303,38.92529296875
prostate3d-103999,103999,moderate,static_7,7,False,0.000|51.429|102.857|154.286|205.714|257.143|308.571,True,0.9811256527900696,1.0826207399368286,0.26200035214424133,0.235701322555542,0.28792494535446167,0.846838074571946,100.0,0.5710306406685237,1.751219512195122,11.453658536585365,0.08498436957597733,2.107635200023651,64.29443359375
prostate3d-107023,107023,moderate,static_4,4,False,0.000|90.000|180.000|270.000,False,0.9697256088256836,1.2390058040618896,0.18465064465999603,0.38055723905563354,0.37557899951934814,1.1046441162333769,98.4375,0.6264204545454546,1.546875,19.8125,0.0980800911784172,2.0692482000449672,42.00537109375
prostate3d-107023,107023,moderate,static_7,7,False,0.000|51.429|102.857|154.286|205.714|257.143|308.571,True,0.9843541383743286,1.2414766550064087,0.16083133220672607,0.2817985415458679,0.23455341160297394,0.6898629753028644,98.4375,0.5755510440835266,1.68359375,9.79296875,0.09813093394041061,2.1593021999578923,69.8056640625
prostate3d-100232,100232,moderate,static_4,4,False,0.000|90.000|180.000|270.000,False,0.975308358669281,1.1851731538772583,0.2643328607082367,0.3991315960884094,0.3969361484050751,1.1674592600149265,97.6923076923077,0.6617025641025641,1.4423076923076923,18.365384615384617,0.10244430601596832,2.0430232000071555,39.3603515625
prostate3d-100232,100232,moderate,static_7,7,False,0.000|51.429|102.857|154.286|205.714|257.143|308.571,True,0.9864693880081177,1.2137577533721924,0.23707211017608643,0.2838860750198364,0.28110265731811523,0.8267725215238683,98.46153846153847,0.5664304235090752,1.7115384615384615,10.415384615384616,0.10311435908079147,2.1530242000008,64.8349609375
prostate3d-108940,108940,moderate,static_4,4,False,0.000|90.000|180.000|270.000,False,0.9684029817581177,1.112790584564209,0.18631698191165924,0.42338940501213074,0.42276978492736816,1.243440543904024,99.63503649635037,0.6224339808582071,1.594890510948905,18.2992700729927,0.10984355211257935,2.038751899963245,40.92236328125
prostate3d-108940,108940,moderate,static_7,7,False,0.000|51.429|102.857|154.286|205.714|257.143|308.571,True,0.9836094975471497,1.1721305847167969,0.16992321610450745,0.2663327753543854,0.2919432818889618,0.8586567114381228,100.0,0.5732217573221757,1.7445255474452555,9.967153284671532,0.09581953287124634,2.083994100103155,66.2763671875
prostate3d-102428,102428,hard,static_4,4,False,0.000|90.000|180.000|270.000,False,0.9396694898605347,1.2266231775283813,0.4919702708721161,0.44318339228630066,0.3841555714607239,1.1298693278256584,92.96028880866426,0.6374773466905738,1.355595667870036,13.557761732851986,0.1377745270729065,2.0830138999735937,36.57666015625
prostate3d-102428,102428,hard,static_7,7,False,0.000|51.429|102.857|154.286|205.714|257.143|308.571,True,0.9571152329444885,1.2114369869232178,0.47318610548973083,0.3627569079399109,0.24953433871269226,0.9858043864369392,96.20938628158845,0.6524122504845629,1.4187725631768953,7.110108303249097,0.13570590317249298,2.138080000062473,61.10107421875
prostate3d-108813,108813,hard,static_4,4,False,0.000|90.000|180.000|270.000,False,0.9425716996192932,1.2800618410110474,0.5684077739715576,0.4790938198566437,0.3346470892429352,1.184182862440745,93.31983805668017,0.7481816581587749,1.1639676113360324,13.572874493927126,0.11605452001094818,2.070843900088221,44.04150390625
prostate3d-108813,108813,hard,static_7,7,False,0.000|51.429|102.857|154.286|205.714|257.143|308.571,False,0.9567506909370422,1.3270418643951416,0.5406153798103333,0.38080793619155884,0.2308424860239029,1.1262820412715278,95.95141700404858,0.732382796456023,1.257085020242915,6.342105263157895,0.11106348782777786,2.1340660999994725,70.5732421875
prostate3d-101520,101520,hard,static_4,4,False,0.000|90.000|180.000|270.000,False,0.9413899779319763,1.1115360260009766,0.555735170841217,0.4915444850921631,0.40939489006996155,1.204102617852828,90.74074074074075,0.607233181588265,1.3559670781893005,16.495884773662553,0.14187410473823547,2.0666903000092134,42.11767578125
prostate3d-101520,101520,hard,static_7,7,False,0.000|51.429|102.857|154.286|205.714|257.143|308.571,False,0.955504834651947,1.2016643285751343,0.5264145731925964,0.3475779891014099,0.308697372674942,1.096697027484576,96.50205761316873,0.6083261427496792,1.5308641975308641,8.283950617283951,0.1267196536064148,2.092178399907425,69.8427734375
prostate3d-102113,102113,hard,static_4,4,False,0.000|90.000|180.000|270.000,False,0.9368411302566528,1.0996273756027222,0.5246027112007141,0.5323476791381836,0.43932244181632996,1.2921248288715586,91.31693198263386,0.6747187831503744,1.23589001447178,15.804630969609262,0.16726061701774597,2.0891967000206932,45.51513671875
prostate3d-102113,102113,hard,static_7,7,False,0.000|51.429|102.857|154.286|205.714|257.143|308.571,False,0.9610384702682495,1.1985459327697754,0.5009391903877258,0.3843686282634735,0.31751495599746704,1.0436233133077621,96.67149059334298,0.6630036521186151,1.4095513748191026,7.109985528219971,0.1445530354976654,2.1591371999820694,77.658203125
