training_seed,condition,case_id,case_seed,difficulty,acceptable,violation_score,high_level_actions,stopping_reason
0,endpoint,synthetic3d-100018,100018,moderate,True,0.0,7,acceptable
0,endpoint,synthetic3d-100040,100040,easy,False,0.0654871940612793,10,policy_step_limit
0,endpoint,synthetic3d-100182,100182,easy,True,0.0,2,acceptable
0,endpoint,synthetic3d-100232,100232,moderate,True,0.0,5,acceptable
0,endpoint,synthetic3d-100319,100319,hard,False,0.6919615589839987,10,policy_step_limit
0,endpoint,synthetic3d-100326,100326,moderate,False,0.008079910278320312,10,policy_step_limit
0,endpoint,synthetic3d-100492,100492,easy,True,0.0,2,acceptable
0,endpoint,synthetic3d-100882,100882,moderate,False,0.15179887281353377,10,policy_step_limit
0,endpoint,synthetic3d-100887,100887,easy,True,0.0,2,acceptable
0,endpoint,synthetic3d-101275,101275,moderate,True,0.0,3,acceptable
0,endpoint,synthetic3d-101320,101320,hard,False,0.24364182146481453,10,policy_step_limit
0,endpoint,synthetic3d-101444,101444,hard,False,0.37607322778236213,10,policy_step_limit
0,endpoint,synthetic3d-101566,101566,hard,False,0.08802875760547457,10,policy_step_limit
0,endpoint,synthetic3d-101567,101567,easy,False,0.1170724868774414,10,policy_step_limit
0,endpoint,synthetic3d-101622,101622,moderate,True,0.0,2,acceptable
0,endpoint,synthetic3d-101763,101763,moderate,True,0.0,10,acceptable
0,endpoint,synthetic3d-101788,101788,moderate,True,0.0,3,acceptable
0,endpoint,synthetic3d-101921,101921,hard,False,0.2932894664152259,10,policy_step_limit
0,endpoint,synthetic3d-102031,102031,easy,True,0.0,2,acceptable
0,endpoint,synthetic3d-102113,102113,hard,False,0.0916113342904744,10,policy_step_limit
0,endpoint,synthetic3d-102703,102703,moderate,True,0.0,6,acceptable
0,endpoint,synthetic3d-102905,102905,moderate,True,0.0,2,acceptable
0,endpoint,synthetic3d-103177,103177,hard,True,0.0,7,acceptable
0,endpoint,synthetic3d-103369,103369,easy,True,0.0,3,acceptable
0,endpoint,synthetic3d-103425,103425,easy,True,0.0,2,acceptable
0,endpoint,synthetic3d-103428,103428,easy,True,0.0,2,acceptable
0,endpoint,synthetic3d-103545,103545,moderate,True,0.0,8,acceptable
0,endpoint,synthetic3d-103574,103574,easy,False,0.13528528213500976,10,policy_step_limit
0,endpoint,synthetic3d-103710,103710,easy,True,0.0,2,acceptable
0,endpoint,synthetic3d-103884,103884,moderate,False,0.1891722805943894,10,policy_step_limit
0,endpoint,synthetic3d-103934,103934,hard,False,0.6229825744526487,10,policy_step_limit
0,endpoint,synthetic3d-103999,103999,moderate,False,0.1476606621461756,10,policy_step_limit
0,endpoint,synthetic3d-104063,104063,easy,True,0.0,2,acceptable
0,endpoint,synthetic3d-104099,104099,moderate,False,0.13726153338544256,10,policy_step_limit
0,endpoint,synthetic3d-104173,104173,easy,True,0.0,4,acceptable
0,endpoint,synthetic3d-104403,104403,easy,True,0.0,2,acceptable
0,endpoint,synthetic3d-104720,104720,easy,True,0.0,2,acceptable
0,endpoint,synthetic3d-104767,104767,easy,True,0.0,2,acceptable
0,endpoint,synthetic3d-105237,105237,moderate,True,0.0,7,acceptable
0,endpoint,synthetic3d-105609,105609,easy,False,0.2111804962158203,10,policy_step_limit
0,endpoint,synthetic3d-105963,105963,moderate,True,0.0,5,acceptable
0,endpoint,synthetic3d-106211,106211,moderate,True,0.0,3,acceptable
0,endpoint,synthetic3d-106524,106524,easy,True,0.0,2,acceptable
0,endpoint,synthetic3d-106643,106643,easy,True,0.0,2,acceptable
0,endpoint,synthetic3d-106762,106762,easy,True,0.0,2,acceptable
0,endpoint,synthetic3d-106905,106905,easy,True,0.0,2,acceptable
0,endpoint,synthetic3d-106955,106955,moderate,True,0.0,3,acceptable
0,endpoint,synthetic3d-107023,107023,moderate,True,0.0,2,acceptable
0,endpoint,synthetic3d-107125,107125,easy,True,0.0,5,acceptable
0,endpoint,synthetic3d-107427,107427,easy,True,0.0,2,acceptable
0,endpoint,synthetic3d-107511,107511,moderate,True,0.0,3,acceptable
0,endpoint,synthetic3d-107906,107906,moderate,True,0.0,5,acceptable
0,endpoint,synthetic3d-108121,108121,easy,True,0.0,2,acceptable
0,endpoint,synthetic3d-108206,108206,moderate,True,0.0,2,acceptable
0,endpoint,synthetic3d-108267,108267,easy,True,0.0,2,acceptable
0,endpoint,synthetic3d-108331,108331,easy,True,0.0,5,acceptable
0,endpoint,synthetic3d-108703,108703,hard,False,0.13195214499026425,10,policy_step_limit
0,endpoint,synthetic3d-108746,108746,moderate,False,0.07862355288337257,10,policy_step_limit
0,endpoint,synthetic3d-108940,108940,moderate,False,0.34424887315933317,10,policy_step_limit
0,endpoint,synthetic3d-108948,108948,hard,False,0.6339698454776513,10,policy_step_limit
0,trajectory,synthetic3d-100018,100018,moderate,False,0.17948209786495983,10,policy_step_limit
0,trajectory,synthetic3d-100040,100040,easy,True,0.0,2,acceptable
0,trajectory,synthetic3d-100182,100182,easy,True,0.0,3,acceptable
0,trajectory,synthetic3d-100232,100232,moderate,False,0.06822171539894595,10,policy_step_limit
0,trajectory,synthetic3d-100319,100319,hard,False,0.8871424758003996,10,policy_step_limit
0,trajectory,synthetic3d-100326,100326,moderate,True,0.0,10,acceptable
0,trajectory,synthetic3d-100492,100492,easy,True,0.0,2,acceptable
0,trajectory,synthetic3d-100882,100882,moderate,True,0.0,9,acceptable
0,trajectory,synthetic3d-100887,100887,easy,True,0.0,2,acceptable
0,trajectory,synthetic3d-101275,101275,moderate,True,0.0,9,acceptable
0,trajectory,synthetic3d-101320,101320,hard,False,0.0697011314888432,10,policy_step_limit
0,trajectory,synthetic3d-101444,101444,hard,False,0.7230999912746008,10,policy_step_limit
0,trajectory,synthetic3d-101566,101566,hard,False,0.5793954299665702,10,policy_step_limit
0,trajectory,synthetic3d-101567,101567,easy,True,0.0,9,acceptable
0,trajectory,synthetic3d-101622,101622,moderate,True,0.0,8,acceptable
0,trajectory,synthetic3d-101763,101763,moderate,False,0.0005748227816442242,10,policy_step_limit
0,trajectory,synthetic3d-101788,101788,moderate,True,0.0,4,acceptable
0,trajectory,synthetic3d-101921,101921,hard,False,0.577406291563002,10,policy_step_limit
0,trajectory,synthetic3d-102031,102031,easy,True,0.0,2,acceptable
0,trajectory,synthetic3d-102113,102113,hard,False,0.3918175633805099,10,policy_step_limit
0,trajectory,synthetic3d-102703,102703,moderate,True,0.0,6,acceptable
0,trajectory,synthetic3d-102905,102905,moderate,True,0.0,2,acceptable
0,trajectory,synthetic3d-103177,103177,hard,False,0.5249208514515069,10,policy_step_limit
0,trajectory,synthetic3d-103369,103369,easy,True,0.0,3,acceptable
0,trajectory,synthetic3d-103425,103425,easy,True,0.0,2,acceptable
0,trajectory,synthetic3d-103428,103428,easy,True,0.0,2,acceptable
0,trajectory,synthetic3d-103545,103545,moderate,False,0.1769543173517918,10,policy_step_limit
0,trajectory,synthetic3d-103574,103574,easy,True,0.0,8,acceptable
0,trajectory,synthetic3d-103710,103710,easy,True,0.0,2,acceptable
0,trajectory,synthetic3d-103884,103884,moderate,False,0.032440536162432476,10,policy_step_limit
0,trajectory,synthetic3d-103934,103934,hard,False,0.9838309995556356,10,policy_step_limit
0,trajectory,synthetic3d-103999,103999,moderate,False,0.28817350259423224,10,policy_step_limit
0,trajectory,synthetic3d-104063,104063,easy,True,0.0,3,acceptable
0,trajectory,synthetic3d-104099,104099,moderate,False,0.11321439111171094,10,policy_step_limit
0,trajectory,synthetic3d-104173,104173,easy,True,0.0,7,acceptable
0,trajectory,synthetic3d-104403,104403,easy,True,0.0,2,acceptable
0,trajectory,synthetic3d-104720,104720,easy,True,0.0,2,acceptable
0,trajectory,synthetic3d-104767,104767,easy,True,0.0,2,acceptable
0,trajectory,synthetic3d-105237,105237,moderate,False,0.041112798911417725,10,policy_step_limit
0,trajectory,synthetic3d-105609,105609,easy,True,0.0,9,acceptable
0,trajectory,synthetic3d-105963,105963,moderate,True,0.0,2,acceptable
0,trajectory,synthetic3d-106211,106211,moderate,False,0.3136652531214792,10,policy_step_limit
0,trajectory,synthetic3d-106524,106524,easy,True,0.0,2,acceptable
0,trajectory,synthetic3d-106643,106643,easy,True,0.0,2,acceptable
0,trajectory,synthetic3d-106762,106762,easy,True,0.0,2,acceptable
0,trajectory,synthetic3d-106905,106905,easy,True,0.0,2,acceptable
0,trajectory,synthetic3d-106955,106955,moderate,False,0.17145610554964064,10,policy_step_limit
0,trajectory,synthetic3d-107023,107023,moderate,True,0.0,2,acceptable
0,trajectory,synthetic3d-107125,107125,easy,True,0.0,4,acceptable
0,trajectory,synthetic3d-107427,107427,easy,True,0.0,6,acceptable
0,trajectory,synthetic3d-107511,107511,moderate,True,0.0,10,acceptable
0,trajectory,synthetic3d-107906,107906,moderate,True,0.0,8,acceptable
0,trajectory,synthetic3d-108121,108121,easy,True,0.0,3,acceptable
0,trajectory,synthetic3d-108206,108206,moderate,True,0.0,3,acceptable
0,trajectory,synthetic3d-108267,108267,easy,True,0.0,8,acceptable
0,trajectory,synthetic3d-108331,108331,easy,True,0.0,5,acceptable
0,trajectory,synthetic3d-108703,108703,hard,False,0.6132805076308752,10,policy_step_limit
0,trajectory,synthetic3d-108746,108746,moderate,False,0.15867979768564516,10,policy_step_limit
0,trajectory,synthetic3d-108940,108940,moderate,False,0.41435912247619755,10,policy_step_limit
0,trajectory,synthetic3d-108948,108948,hard,False,0.821044309451624,10,policy_step_limit
1,endpoint,synthetic3d-100018,100018,moderate,False,0.2502652930638689,10,policy_step_limit
1,endpoint,synthetic3d-100040,100040,easy,True,0.0,5,acceptable
1,endpoint,synthetic3d-100182,100182,easy,True,0.0,2,acceptable
1,endpoint,synthetic3d-100232,100232,moderate,False,0.5818820768555746,10,policy_step_limit
1,endpoint,synthetic3d-100319,100319,hard,False,0.40665367599133484,10,policy_step_limit
1,endpoint,synthetic3d-100326,100326,moderate,False,0.11530912141444416,10,policy_step_limit
1,endpoint,synthetic3d-100492,100492,easy,True,0.0,2,acceptable
1,endpoint,synthetic3d-100882,100882,moderate,False,0.11649460760415886,10,policy_step_limit
1,endpoint,synthetic3d-100887,100887,easy,True,0.0,2,acceptable
1,endpoint,synthetic3d-101275,101275,moderate,True,0.0,4,acceptable
1,endpoint,synthetic3d-101320,101320,hard,False,0.3980088871786984,10,policy_step_limit
1,endpoint,synthetic3d-101444,101444,hard,False,0.03070232089475633,10,policy_step_limit
1,endpoint,synthetic3d-101566,101566,hard,False,0.05072113875033457,10,policy_step_limit
1,endpoint,synthetic3d-101567,101567,easy,True,0.0,8,acceptable
1,endpoint,synthetic3d-101622,101622,moderate,True,0.0,2,acceptable
1,endpoint,synthetic3d-101763,101763,moderate,False,0.09716965939967426,10,policy_step_limit
1,endpoint,synthetic3d-101788,101788,moderate,True,0.0,3,acceptable
1,endpoint,synthetic3d-101921,101921,hard,False,0.03564312878776996,10,policy_step_limit
1,endpoint,synthetic3d-102031,102031,easy,True,0.0,2,acceptable
1,endpoint,synthetic3d-102113,102113,hard,False,0.43316541383505514,10,policy_step_limit
1,endpoint,synthetic3d-102703,102703,moderate,True,0.0,3,acceptable
1,endpoint,synthetic3d-102905,102905,moderate,True,0.0,2,acceptable
1,endpoint,synthetic3d-103177,103177,hard,False,0.5632077787256349,10,policy_step_limit
1,endpoint,synthetic3d-103369,103369,easy,True,0.0,3,acceptable
1,endpoint,synthetic3d-103425,103425,easy,True,0.0,2,acceptable
1,endpoint,synthetic3d-103428,103428,easy,True,0.0,2,acceptable
1,endpoint,synthetic3d-103545,103545,moderate,False,0.16458376481810832,10,policy_step_limit
1,endpoint,synthetic3d-103574,103574,easy,False,0.357223543314551,10,policy_step_limit
1,endpoint,synthetic3d-103710,103710,easy,True,0.0,2,acceptable
1,endpoint,synthetic3d-103884,103884,moderate,False,0.09613532773881939,10,policy_step_limit
1,endpoint,synthetic3d-103934,103934,hard,False,0.5929722959907434,10,policy_step_limit
1,endpoint,synthetic3d-103999,103999,moderate,False,0.15994395569200326,10,policy_step_limit
1,endpoint,synthetic3d-104063,104063,easy,True,0.0,2,acceptable
1,endpoint,synthetic3d-104099,104099,moderate,False,0.2673489004402907,10,policy_step_limit
1,endpoint,synthetic3d-104173,104173,easy,True,0.0,9,acceptable
1,endpoint,synthetic3d-104403,104403,easy,True,0.0,2,acceptable
1,endpoint,synthetic3d-104720,104720,easy,True,0.0,2,acceptable
1,endpoint,synthetic3d-104767,104767,easy,True,0.0,2,acceptable
1,endpoint,synthetic3d-105237,105237,moderate,False,0.44819492160208063,10,policy_step_limit
1,endpoint,synthetic3d-105609,105609,easy,False,0.25430493614880967,10,policy_step_limit
1,endpoint,synthetic3d-105963,105963,moderate,True,0.0,4,acceptable
1,endpoint,synthetic3d-106211,106211,moderate,True,0.0,3,acceptable
1,endpoint,synthetic3d-106524,106524,easy,True,0.0,2,acceptable
1,endpoint,synthetic3d-106643,106643,easy,True,0.0,2,acceptable
1,endpoint,synthetic3d-106762,106762,easy,True,0.0,2,acceptable
1,endpoint,synthetic3d-106905,106905,easy,True,0.0,2,acceptable
1,endpoint,synthetic3d-106955,106955,moderate,False,0.07153928146603405,10,policy_step_limit
1,endpoint,synthetic3d-107023,107023,moderate,True,0.0,2,acceptable
1,endpoint,synthetic3d-107125,107125,easy,True,0.0,3,acceptable
1,endpoint,synthetic3d-107427,107427,easy,True,0.0,2,acceptable
1,endpoint,synthetic3d-107511,107511,moderate,True,0.0,4,acceptable
1,endpoint,synthetic3d-107906,107906,moderate,True,0.0,4,acceptable
1,endpoint,synthetic3d-108121,108121,easy,True,0.0,2,acceptable
1,endpoint,synthetic3d-108206,108206,moderate,True,0.0,2,acceptable
1,endpoint,synthetic3d-108267,108267,easy,True,0.0,2,acceptable
1,endpoint,synthetic3d-108331,108331,easy,True,0.0,4,acceptable
1,endpoint,synthetic3d-108703,108703,hard,False,0.050567921470193275,10,policy_step_limit
1,endpoint,synthetic3d-108746,108746,moderate,False,1.099970975130296,10,policy_step_limit
1,endpoint,synthetic3d-108940,108940,moderate,False,0.20218447703456421,10,policy_step_limit
1,endpoint,synthetic3d-108948,108948,hard,False,0.38381186908290377,10,policy_step_limit
1,trajectory,synthetic3d-100018,100018,moderate,False,0.05973591922778643,10,policy_step_limit
1,trajectory,synthetic3d-100040,100040,easy,True,0.0,2,acceptable
1,trajectory,synthetic3d-100182,100182,easy,True,0.0,3,acceptable
1,trajectory,synthetic3d-100232,100232,moderate,True,0.0,5,acceptable
1,trajectory,synthetic3d-100319,100319,hard,False,0.3226056420992587,10,policy_step_limit
1,trajectory,synthetic3d-100326,100326,moderate,True,0.0,9,acceptable
1,trajectory,synthetic3d-100492,100492,easy,True,0.0,1,acceptable
1,trajectory,synthetic3d-100882,100882,moderate,False,0.04727318707634418,10,policy_step_limit
1,trajectory,synthetic3d-100887,100887,easy,True,0.0,2,acceptable
1,trajectory,synthetic3d-101275,101275,moderate,True,0.0,3,acceptable
1,trajectory,synthetic3d-101320,101320,hard,False,0.1335879009009504,10,policy_step_limit
1,trajectory,synthetic3d-101444,101444,hard,False,0.3426444365066452,10,policy_step_limit
1,trajectory,synthetic3d-101566,101566,hard,False,0.7291584493453536,10,policy_step_limit
1,trajectory,synthetic3d-101567,101567,easy,True,0.0,5,acceptable
1,trajectory,synthetic3d-101622,101622,moderate,True,0.0,3,acceptable
1,trajectory,synthetic3d-101763,101763,moderate,False,0.04370164520912301,10,policy_step_limit
1,trajectory,synthetic3d-101788,101788,moderate,True,0.0,4,acceptable
1,trajectory,synthetic3d-101921,101921,hard,False,0.25131995527103684,10,policy_step_limit
1,trajectory,synthetic3d-102031,102031,easy,True,0.0,2,acceptable
1,trajectory,synthetic3d-102113,102113,hard,False,0.611075435193029,10,policy_step_limit
1,trajectory,synthetic3d-102703,102703,moderate,True,0.0,4,acceptable
1,trajectory,synthetic3d-102905,102905,moderate,True,0.0,4,acceptable
1,trajectory,synthetic3d-103177,103177,hard,False,0.1643176822585565,10,policy_step_limit
1,trajectory,synthetic3d-103369,103369,easy,True,0.0,2,acceptable
1,trajectory,synthetic3d-103425,103425,easy,True,0.0,1,acceptable
1,trajectory,synthetic3d-103428,103428,easy,True,0.0,3,acceptable
1,trajectory,synthetic3d-103545,103545,moderate,False,0.20528006589270187,10,policy_step_limit
1,trajectory,synthetic3d-103574,103574,easy,False,0.1698193429202124,10,policy_step_limit
1,trajectory,synthetic3d-103710,103710,easy,True,0.0,1,acceptable
1,trajectory,synthetic3d-103884,103884,moderate,True,0.0,4,acceptable
1,trajectory,synthetic3d-103934,103934,hard,False,0.4108004819428712,10,policy_step_limit
1,trajectory,synthetic3d-103999,103999,moderate,False,0.4836327650468806,10,policy_step_limit
1,trajectory,synthetic3d-104063,104063,easy,True,0.0,1,acceptable
1,trajectory,synthetic3d-104099,104099,moderate,False,0.09804396348841046,10,policy_step_limit
1,trajectory,synthetic3d-104173,104173,easy,True,0.0,1,acceptable
1,trajectory,synthetic3d-104403,104403,easy,True,0.0,1,acceptable
1,trajectory,synthetic3d-104720,104720,easy,True,0.0,1,acceptable
1,trajectory,synthetic3d-104767,104767,easy,True,0.0,1,acceptable
1,trajectory,synthetic3d-105237,105237,moderate,False,0.3528363617461181,10,policy_step_limit
1,trajectory,synthetic3d-105609,105609,easy,False,0.17917343504991412,10,policy_step_limit
1,trajectory,synthetic3d-105963,105963,moderate,True,0.0,9,acceptable
1,trajectory,synthetic3d-106211,106211,moderate,True,0.0,5,acceptable
1,trajectory,synthetic3d-106524,106524,easy,True,0.0,2,acceptable
1,trajectory,synthetic3d-106643,106643,easy,True,0.0,2,acceptable
1,trajectory,synthetic3d-106762,106762,easy,True,0.0,1,acceptable
1,trajectory,synthetic3d-106905,106905,easy,True,0.0,1,acceptable
1,trajectory,synthetic3d-106955,106955,moderate,False,0.2630102130948954,10,policy_step_limit
1,trajectory,synthetic3d-107023,107023,moderate,True,0.0,1,acceptable
1,trajectory,synthetic3d-107125,107125,easy,True,0.0,1,acceptable
1,trajectory,synthetic3d-107427,107427,easy,True,0.0,1,acceptable
1,trajectory,synthetic3d-107511,107511,moderate,True,0.0,8,acceptable
1,trajectory,synthetic3d-107906,107906,moderate,True,0.0,3,acceptable
1,trajectory,synthetic3d-108121,108121,easy,True,0.0,1,acceptable
1,trajectory,synthetic3d-108206,108206,moderate,True,0.0,3,acceptable
1,trajectory,synthetic3d-108267,108267,easy,True,0.0,5,acceptable
1,trajectory,synthetic3d-108331,108331,easy,False,0.013018100714096814,10,policy_step_limit
1,trajectory,synthetic3d-108703,108703,hard,False,0.013066768646240234,10,policy_step_limit
1,trajectory,synthetic3d-108746,108746,moderate,False,0.28599705026008326,10,policy_step_limit
1,trajectory,synthetic3d-108940,108940,moderate,False,0.26777481937450465,10,policy_step_limit
1,trajectory,synthetic3d-108948,108948,hard,False,0.7292947952434752,10,policy_step_limit
2,endpoint,synthetic3d-100018,100018,moderate,False,0.041993970490600066,10,policy_step_limit
2,endpoint,synthetic3d-100040,100040,easy,True,0.0,2,acceptable
2,endpoint,synthetic3d-100182,100182,easy,True,0.0,3,acceptable
2,endpoint,synthetic3d-100232,100232,moderate,True,0.0,2,acceptable
2,endpoint,synthetic3d-100319,100319,hard,True,0.0,5,acceptable
2,endpoint,synthetic3d-100326,100326,moderate,True,0.0,8,acceptable
2,endpoint,synthetic3d-100492,100492,easy,True,0.0,2,acceptable
2,endpoint,synthetic3d-100882,100882,moderate,False,0.015507338170682061,10,policy_step_limit
2,endpoint,synthetic3d-100887,100887,easy,True,0.0,2,acceptable
2,endpoint,synthetic3d-101275,101275,moderate,False,0.028883144948045336,10,policy_step_limit
2,endpoint,synthetic3d-101320,101320,hard,False,0.05224096215591805,10,policy_step_limit
2,endpoint,synthetic3d-101444,101444,hard,False,0.9514033319647868,10,policy_step_limit
2,endpoint,synthetic3d-101566,101566,hard,False,0.7333019410188408,10,policy_step_limit
2,endpoint,synthetic3d-101567,101567,easy,True,0.0,10,acceptable
2,endpoint,synthetic3d-101622,101622,moderate,True,0.0,2,acceptable
2,endpoint,synthetic3d-101763,101763,moderate,False,0.2169395168467121,10,policy_step_limit
2,endpoint,synthetic3d-101788,101788,moderate,True,0.0,2,acceptable
2,endpoint,synthetic3d-101921,101921,hard,False,0.5070990248851118,10,policy_step_limit
2,endpoint,synthetic3d-102031,102031,easy,True,0.0,2,acceptable
2,endpoint,synthetic3d-102113,102113,hard,False,0.5881852788344548,10,policy_step_limit
2,endpoint,synthetic3d-102703,102703,moderate,True,0.0,4,acceptable
2,endpoint,synthetic3d-102905,102905,moderate,True,0.0,3,acceptable
2,endpoint,synthetic3d-103177,103177,hard,True,0.0,6,acceptable
2,endpoint,synthetic3d-103369,103369,easy,True,0.0,3,acceptable
2,endpoint,synthetic3d-103425,103425,easy,True,0.0,2,acceptable
2,endpoint,synthetic3d-103428,103428,easy,True,0.0,2,acceptable
2,endpoint,synthetic3d-103545,103545,moderate,False,0.2731976800009921,10,policy_step_limit
2,endpoint,synthetic3d-103574,103574,easy,True,0.0,10,acceptable
2,endpoint,synthetic3d-103710,103710,easy,True,0.0,2,acceptable
2,endpoint,synthetic3d-103884,103884,moderate,True,0.0,9,acceptable
2,endpoint,synthetic3d-103934,103934,hard,False,0.5099788345979216,10,policy_step_limit
2,endpoint,synthetic3d-103999,103999,moderate,False,0.24491952759727775,10,policy_step_limit
2,endpoint,synthetic3d-104063,104063,easy,True,0.0,3,acceptable
2,endpoint,synthetic3d-104099,104099,moderate,False,0.039017382790060576,10,policy_step_limit
2,endpoint,synthetic3d-104173,104173,easy,True,0.0,10,acceptable
2,endpoint,synthetic3d-104403,104403,easy,True,0.0,2,acceptable
2,endpoint,synthetic3d-104720,104720,easy,True,0.0,2,acceptable
2,endpoint,synthetic3d-104767,104767,easy,True,0.0,2,acceptable
2,endpoint,synthetic3d-105237,105237,moderate,False,0.29684853276117984,10,policy_step_limit
2,endpoint,synthetic3d-105609,105609,easy,False,0.12252465495665144,10,policy_step_limit
2,endpoint,synthetic3d-105963,105963,moderate,True,0.0,2,acceptable
2,endpoint,synthetic3d-106211,106211,moderate,False,0.07323470920589781,10,policy_step_limit
2,endpoint,synthetic3d-106524,106524,easy,True,0.0,2,acceptable
2,endpoint,synthetic3d-106643,106643,easy,True,0.0,2,acceptable
2,endpoint,synthetic3d-106762,106762,easy,True,0.0,2,acceptable
2,endpoint,synthetic3d-106905,106905,easy,True,0.0,2,acceptable
2,endpoint,synthetic3d-106955,106955,moderate,False,0.12400107653589854,10,policy_step_limit
2,endpoint,synthetic3d-107023,107023,moderate,True,0.0,2,acceptable
2,endpoint,synthetic3d-107125,107125,easy,True,0.0,4,acceptable
2,endpoint,synthetic3d-107427,107427,easy,True,0.0,6,acceptable
2,endpoint,synthetic3d-107511,107511,moderate,False,0.04019804561839382,10,policy_step_limit
2,endpoint,synthetic3d-107906,107906,moderate,True,0.0,4,acceptable
2,endpoint,synthetic3d-108121,108121,easy,True,0.0,3,acceptable
2,endpoint,synthetic3d-108206,108206,moderate,True,0.0,2,acceptable
2,endpoint,synthetic3d-108267,108267,easy,True,0.0,9,acceptable
2,endpoint,synthetic3d-108331,108331,easy,True,0.0,5,acceptable
2,endpoint,synthetic3d-108703,108703,hard,False,0.17691881907952936,10,policy_step_limit
2,endpoint,synthetic3d-108746,108746,moderate,False,0.12837959792114328,10,policy_step_limit
2,endpoint,synthetic3d-108940,108940,moderate,False,0.29725339541609874,10,policy_step_limit
2,endpoint,synthetic3d-108948,108948,hard,False,0.9059547698969175,10,policy_step_limit
2,trajectory,synthetic3d-100018,100018,moderate,False,0.038237018032493575,10,policy_step_limit
2,trajectory,synthetic3d-100040,100040,easy,True,0.0,4,acceptable
2,trajectory,synthetic3d-100182,100182,easy,False,0.010898876190185546,10,policy_step_limit
2,trajectory,synthetic3d-100232,100232,moderate,True,0.0,2,acceptable
2,trajectory,synthetic3d-100319,100319,hard,False,0.6518881042590672,10,policy_step_limit
2,trajectory,synthetic3d-100326,100326,moderate,False,0.14966173171997071,10,policy_step_limit
2,trajectory,synthetic3d-100492,100492,easy,True,0.0,5,acceptable
2,trajectory,synthetic3d-100882,100882,moderate,False,0.017543384055780598,10,policy_step_limit
2,trajectory,synthetic3d-100887,100887,easy,True,0.0,2,acceptable
2,trajectory,synthetic3d-101275,101275,moderate,False,0.025707721710205078,10,policy_step_limit
2,trajectory,synthetic3d-101320,101320,hard,False,0.09771828956372335,10,policy_step_limit
2,trajectory,synthetic3d-101444,101444,hard,False,0.08505481832167679,10,policy_step_limit
2,trajectory,synthetic3d-101566,101566,hard,False,0.5035131400142773,10,policy_step_limit
2,trajectory,synthetic3d-101567,101567,easy,False,0.009631942300235497,10,policy_step_limit
2,trajectory,synthetic3d-101622,101622,moderate,True,0.0,2,acceptable
2,trajectory,synthetic3d-101763,101763,moderate,False,0.12254524230957031,10,policy_step_limit
2,trajectory,synthetic3d-101788,101788,moderate,True,0.0,3,acceptable
2,trajectory,synthetic3d-101921,101921,hard,False,0.2854545720857382,10,policy_step_limit
2,trajectory,synthetic3d-102031,102031,easy,True,0.0,2,acceptable
2,trajectory,synthetic3d-102113,102113,hard,False,0.264532024420965,10,policy_step_limit
2,trajectory,synthetic3d-102703,102703,moderate,True,0.0,3,acceptable
2,trajectory,synthetic3d-102905,102905,moderate,True,0.0,3,acceptable
2,trajectory,synthetic3d-103177,103177,hard,False,0.4827529262563104,10,policy_step_limit
2,trajectory,synthetic3d-103369,103369,easy,True,0.0,8,acceptable
2,trajectory,synthetic3d-103425,103425,easy,True,0.0,2,acceptable
2,trajectory,synthetic3d-103428,103428,easy,True,0.0,3,acceptable
2,trajectory,synthetic3d-103545,103545,moderate,True,0.0,4,acceptable
2,trajectory,synthetic3d-103574,103574,easy,False,0.017391064587761348,10,policy_step_limit
2,trajectory,synthetic3d-103710,103710,easy,True,0.0,3,acceptable
2,trajectory,synthetic3d-103884,103884,moderate,False,0.06859760284423828,10,policy_step_limit
2,trajectory,synthetic3d-103934,103934,hard,False,0.4813614647196927,10,policy_step_limit
2,trajectory,synthetic3d-103999,103999,moderate,False,0.1575537008397719,10,policy_step_limit
2,trajectory,synthetic3d-104063,104063,easy,True,0.0,8,acceptable
2,trajectory,synthetic3d-104099,104099,moderate,False,0.16687593460083008,10,policy_step_limit
2,trajectory,synthetic3d-104173,104173,easy,True,0.0,2,acceptable
2,trajectory,synthetic3d-104403,104403,easy,True,0.0,2,acceptable
2,trajectory,synthetic3d-104720,104720,easy,True,0.0,3,acceptable
2,trajectory,synthetic3d-104767,104767,easy,True,0.0,2,acceptable
2,trajectory,synthetic3d-105237,105237,moderate,False,0.11739802921519557,10,policy_step_limit
2,trajectory,synthetic3d-105609,105609,easy,False,0.0880943045896642,10,policy_step_limit
2,trajectory,synthetic3d-105963,105963,moderate,True,0.0,2,acceptable
2,trajectory,synthetic3d-106211,106211,moderate,True,0.0,8,acceptable
2,trajectory,synthetic3d-106524,106524,easy,True,0.0,2,acceptable
2,trajectory,synthetic3d-106643,106643,easy,True,0.0,3,acceptable
2,trajectory,synthetic3d-106762,106762,easy,True,0.0,4,acceptable
2,trajectory,synthetic3d-106905,106905,easy,True,0.0,3,acceptable
2,trajectory,synthetic3d-106955,106955,moderate,False,0.0688308457449894,10,policy_step_limit
2,trajectory,synthetic3d-107023,107023,moderate,True,0.0,2,acceptable
2,trajectory,synthetic3d-107125,107125,easy,True,0.0,3,acceptable
2,trajectory,synthetic3d-107427,107427,easy,True,0.0,3,acceptable
2,trajectory,synthetic3d-107511,107511,moderate,False,0.0011910438537597657,10,policy_step_limit
2,trajectory,synthetic3d-107906,107906,moderate,True,0.0,4,acceptable
2,trajectory,synthetic3d-108121,108121,easy,True,0.0,2,acceptable
2,trajectory,synthetic3d-108206,108206,moderate,True,0.0,2,acceptable
2,trajectory,synthetic3d-108267,108267,easy,True,0.0,2,acceptable
2,trajectory,synthetic3d-108331,108331,easy,True,0.0,2,acceptable
2,trajectory,synthetic3d-108703,108703,hard,False,0.14431769166048514,10,policy_step_limit
2,trajectory,synthetic3d-108746,108746,moderate,False,0.07632238229000757,10,policy_step_limit
2,trajectory,synthetic3d-108940,108940,moderate,False,0.0794243532068589,10,policy_step_limit
2,trajectory,synthetic3d-108948,108948,hard,False,0.13204388856423277,10,policy_step_limit
3,endpoint,synthetic3d-100018,100018,moderate,True,0.0,7,acceptable
3,endpoint,synthetic3d-100040,100040,easy,True,0.0,2,acceptable
3,endpoint,synthetic3d-100182,100182,easy,True,0.0,3,acceptable
3,endpoint,synthetic3d-100232,100232,moderate,True,0.0,6,acceptable
3,endpoint,synthetic3d-100319,100319,hard,False,0.3551697122896515,10,policy_step_limit
3,endpoint,synthetic3d-100326,100326,moderate,False,0.15571039699513597,10,policy_step_limit
3,endpoint,synthetic3d-100492,100492,easy,True,0.0,3,acceptable
3,endpoint,synthetic3d-100882,100882,moderate,False,0.15736691754249943,10,policy_step_limit
3,endpoint,synthetic3d-100887,100887,easy,True,0.0,2,acceptable
3,endpoint,synthetic3d-101275,101275,moderate,True,0.0,1,acceptable
3,endpoint,synthetic3d-101320,101320,hard,False,0.31426135864020255,10,policy_step_limit
3,endpoint,synthetic3d-101444,101444,hard,False,0.18073941933567328,10,policy_step_limit
3,endpoint,synthetic3d-101566,101566,hard,False,0.5641534606257692,10,policy_step_limit
3,endpoint,synthetic3d-101567,101567,easy,True,0.0,4,acceptable
3,endpoint,synthetic3d-101622,101622,moderate,True,0.0,3,acceptable
3,endpoint,synthetic3d-101763,101763,moderate,False,0.152034310098689,10,policy_step_limit
3,endpoint,synthetic3d-101788,101788,moderate,True,0.0,3,acceptable
3,endpoint,synthetic3d-101921,101921,hard,False,0.0880959003991395,10,policy_step_limit
3,endpoint,synthetic3d-102031,102031,easy,True,0.0,3,acceptable
3,endpoint,synthetic3d-102113,102113,hard,False,0.5532146267499708,10,policy_step_limit
3,endpoint,synthetic3d-102703,102703,moderate,True,0.0,4,acceptable
3,endpoint,synthetic3d-102905,102905,moderate,True,0.0,1,acceptable
3,endpoint,synthetic3d-103177,103177,hard,False,0.6102125579910587,10,policy_step_limit
3,endpoint,synthetic3d-103369,103369,easy,True,0.0,2,acceptable
3,endpoint,synthetic3d-103425,103425,easy,True,0.0,5,acceptable
3,endpoint,synthetic3d-103428,103428,easy,True,0.0,2,acceptable
3,endpoint,synthetic3d-103545,103545,moderate,False,0.09203188258866746,10,policy_step_limit
3,endpoint,synthetic3d-103574,103574,easy,False,0.055464579963246274,10,policy_step_limit
3,endpoint,synthetic3d-103710,103710,easy,True,0.0,3,acceptable
3,endpoint,synthetic3d-103884,103884,moderate,False,0.08080428857622235,10,policy_step_limit
3,endpoint,synthetic3d-103934,103934,hard,False,0.900906235495649,10,policy_step_limit
3,endpoint,synthetic3d-103999,103999,moderate,False,0.2531072902724447,10,policy_step_limit
3,endpoint,synthetic3d-104063,104063,easy,True,0.0,4,acceptable
3,endpoint,synthetic3d-104099,104099,moderate,False,0.16058563768822437,10,policy_step_limit
3,endpoint,synthetic3d-104173,104173,easy,True,0.0,7,acceptable
3,endpoint,synthetic3d-104403,104403,easy,True,0.0,3,acceptable
3,endpoint,synthetic3d-104720,104720,easy,True,0.0,2,acceptable
3,endpoint,synthetic3d-104767,104767,easy,True,0.0,4,acceptable
3,endpoint,synthetic3d-105237,105237,moderate,False,0.18818567383741702,10,policy_step_limit
3,endpoint,synthetic3d-105609,105609,easy,False,0.23608124182654988,10,policy_step_limit
3,endpoint,synthetic3d-105963,105963,moderate,True,0.0,2,acceptable
3,endpoint,synthetic3d-106211,106211,moderate,True,0.0,3,acceptable
3,endpoint,synthetic3d-106524,106524,easy,True,0.0,2,acceptable
3,endpoint,synthetic3d-106643,106643,easy,True,0.0,2,acceptable
3,endpoint,synthetic3d-106762,106762,easy,True,0.0,3,acceptable
3,endpoint,synthetic3d-106905,106905,easy,True,0.0,2,acceptable
3,endpoint,synthetic3d-106955,106955,moderate,False,0.26144309985689906,10,policy_step_limit
3,endpoint,synthetic3d-107023,107023,moderate,True,0.0,3,acceptable
3,endpoint,synthetic3d-107125,107125,easy,True,0.0,4,acceptable
3,endpoint,synthetic3d-107427,107427,easy,True,0.0,4,acceptable
3,endpoint,synthetic3d-107511,107511,moderate,True,0.0,5,acceptable
3,endpoint,synthetic3d-107906,107906,moderate,True,0.0,4,acceptable
3,endpoint,synthetic3d-108121,108121,easy,True,0.0,1,acceptable
3,endpoint,synthetic3d-108206,108206,moderate,True,0.0,2,acceptable
3,endpoint,synthetic3d-108267,108267,easy,True,0.0,3,acceptable
3,endpoint,synthetic3d-108331,108331,easy,True,0.0,3,acceptable
3,endpoint,synthetic3d-108703,108703,hard,True,0.0,7,acceptable
3,endpoint,synthetic3d-108746,108746,moderate,False,0.30000003573387074,10,policy_step_limit
3,endpoint,synthetic3d-108940,108940,moderate,False,0.29653346774116307,10,policy_step_limit
3,endpoint,synthetic3d-108948,108948,hard,False,0.5806685366215452,10,policy_step_limit
3,trajectory,synthetic3d-100018,100018,moderate,False,0.31913934285164913,10,policy_step_limit
3,trajectory,synthetic3d-100040,100040,easy,True,0.0,2,acceptable
3,trajectory,synthetic3d-100182,100182,easy,True,0.0,3,acceptable
3,trajectory,synthetic3d-100232,100232,moderate,False,0.1008155907553745,10,policy_step_limit
3,trajectory,synthetic3d-100319,100319,hard,False,0.08038377761840818,10,policy_step_limit
3,trajectory,synthetic3d-100326,100326,moderate,True,0.0,9,acceptable
3,trajectory,synthetic3d-100492,100492,easy,True,0.0,2,acceptable
3,trajectory,synthetic3d-100882,100882,moderate,False,0.08321689156924975,10,policy_step_limit
3,trajectory,synthetic3d-100887,100887,easy,True,0.0,2,acceptable
3,trajectory,synthetic3d-101275,101275,moderate,True,0.0,9,acceptable
3,trajectory,synthetic3d-101320,101320,hard,False,0.049867040970746186,10,policy_step_limit
3,trajectory,synthetic3d-101444,101444,hard,False,0.3650435585932119,10,policy_step_limit
3,trajectory,synthetic3d-101566,101566,hard,False,0.5604224195246508,10,policy_step_limit
3,trajectory,synthetic3d-101567,101567,easy,True,0.0,10,acceptable
3,trajectory,synthetic3d-101622,101622,moderate,False,0.04866702416363882,10,policy_step_limit
3,trajectory,synthetic3d-101763,101763,moderate,False,0.0023791313171386717,10,policy_step_limit
3,trajectory,synthetic3d-101788,101788,moderate,True,0.0,8,acceptable
3,trajectory,synthetic3d-101921,101921,hard,False,0.12092395562189136,10,policy_step_limit
3,trajectory,synthetic3d-102031,102031,easy,True,0.0,2,acceptable
3,trajectory,synthetic3d-102113,102113,hard,False,0.249993528780278,10,policy_step_limit
3,trajectory,synthetic3d-102703,102703,moderate,True,0.0,3,acceptable
3,trajectory,synthetic3d-102905,102905,moderate,True,0.0,3,acceptable
3,trajectory,synthetic3d-103177,103177,hard,False,0.2963651704823391,10,policy_step_limit
3,trajectory,synthetic3d-103369,103369,easy,True,0.0,3,acceptable
3,trajectory,synthetic3d-103425,103425,easy,True,0.0,2,acceptable
3,trajectory,synthetic3d-103428,103428,easy,True,0.0,2,acceptable
3,trajectory,synthetic3d-103545,103545,moderate,False,0.40380632491831614,10,policy_step_limit
3,trajectory,synthetic3d-103574,103574,easy,False,0.3540591343602999,10,policy_step_limit
3,trajectory,synthetic3d-103710,103710,easy,True,0.0,2,acceptable
3,trajectory,synthetic3d-103884,103884,moderate,False,0.10985747505636774,10,policy_step_limit
3,trajectory,synthetic3d-103934,103934,hard,False,0.21092601106371128,10,policy_step_limit
3,trajectory,synthetic3d-103999,103999,moderate,False,0.5662018949085645,10,policy_step_limit
3,trajectory,synthetic3d-104063,104063,easy,True,0.0,3,acceptable
3,trajectory,synthetic3d-104099,104099,moderate,False,0.0799308524412267,10,policy_step_limit
3,trajectory,synthetic3d-104173,104173,easy,True,0.0,10,acceptable
3,trajectory,synthetic3d-104403,104403,easy,True,0.0,2,acceptable
3,trajectory,synthetic3d-104720,104720,easy,True,0.0,2,acceptable
3,trajectory,synthetic3d-104767,104767,easy,True,0.0,2,acceptable
3,trajectory,synthetic3d-105237,105237,moderate,False,0.3243299237258892,10,policy_step_limit
3,trajectory,synthetic3d-105609,105609,easy,False,0.16288605868680595,10,policy_step_limit
3,trajectory,synthetic3d-105963,105963,moderate,True,0.0,2,acceptable
3,trajectory,synthetic3d-106211,106211,moderate,False,0.07954960233424213,10,policy_step_limit
3,trajectory,synthetic3d-106524,106524,easy,True,0.0,2,acceptable
3,trajectory,synthetic3d-106643,106643,easy,True,0.0,2,acceptable
3,trajectory,synthetic3d-106762,106762,easy,True,0.0,2,acceptable
3,trajectory,synthetic3d-106905,106905,easy,True,0.0,2,acceptable
3,trajectory,synthetic3d-106955,106955,moderate,True,0.0,10,acceptable
3,trajectory,synthetic3d-107023,107023,moderate,True,0.0,2,acceptable
3,trajectory,synthetic3d-107125,107125,easy,True,0.0,4,acceptable
3,trajectory,synthetic3d-107427,107427,easy,True,0.0,6,acceptable
3,trajectory,synthetic3d-107511,107511,moderate,True,0.0,8,acceptable
3,trajectory,synthetic3d-107906,107906,moderate,True,0.0,3,acceptable
3,trajectory,synthetic3d-108121,108121,easy,True,0.0,3,acceptable
3,trajectory,synthetic3d-108206,108206,moderate,True,0.0,2,acceptable
3,trajectory,synthetic3d-108267,108267,easy,False,0.10821298001656987,10,policy_step_limit
3,trajectory,synthetic3d-108331,108331,easy,True,0.0,5,acceptable
3,trajectory,synthetic3d-108703,108703,hard,False,0.24322030023767338,10,policy_step_limit
3,trajectory,synthetic3d-108746,108746,moderate,True,0.0,10,acceptable
3,trajectory,synthetic3d-108940,108940,moderate,False,0.30518392524074983,10,policy_step_limit
3,trajectory,synthetic3d-108948,108948,hard,False,0.7948316812972698,10,policy_step_limit
4,endpoint,synthetic3d-100018,100018,moderate,False,0.09483132514381953,10,policy_step_limit
4,endpoint,synthetic3d-100040,100040,easy,True,0.0,2,acceptable
4,endpoint,synthetic3d-100182,100182,easy,True,0.0,4,acceptable
4,endpoint,synthetic3d-100232,100232,moderate,False,0.08768396377563477,10,policy_step_limit
4,endpoint,synthetic3d-100319,100319,hard,False,1.000050511784987,10,policy_step_limit
4,endpoint,synthetic3d-100326,100326,moderate,False,0.15205621719360352,10,policy_step_limit
4,endpoint,synthetic3d-100492,100492,easy,True,0.0,1,acceptable
4,endpoint,synthetic3d-100882,100882,moderate,False,0.09976823627868514,10,policy_step_limit
4,endpoint,synthetic3d-100887,100887,easy,True,0.0,1,acceptable
4,endpoint,synthetic3d-101275,101275,moderate,True,0.0,1,acceptable
4,endpoint,synthetic3d-101320,101320,hard,False,0.5985932367105318,10,policy_step_limit
4,endpoint,synthetic3d-101444,101444,hard,False,0.33599072674535846,10,policy_step_limit
4,endpoint,synthetic3d-101566,101566,hard,False,0.3242050838886705,10,policy_step_limit
4,endpoint,synthetic3d-101567,101567,easy,True,0.0,3,acceptable
4,endpoint,synthetic3d-101622,101622,moderate,True,0.0,2,acceptable
4,endpoint,synthetic3d-101763,101763,moderate,False,0.2181515729012237,10,policy_step_limit
4,endpoint,synthetic3d-101788,101788,moderate,True,0.0,3,acceptable
4,endpoint,synthetic3d-101921,101921,hard,False,0.4122077035890544,10,policy_step_limit
4,endpoint,synthetic3d-102031,102031,easy,True,0.0,1,acceptable
4,endpoint,synthetic3d-102113,102113,hard,False,0.7801276118371261,10,policy_step_limit
4,endpoint,synthetic3d-102703,102703,moderate,True,0.0,9,acceptable
4,endpoint,synthetic3d-102905,102905,moderate,True,0.0,1,acceptable
4,endpoint,synthetic3d-103177,103177,hard,False,0.46526192125170096,10,policy_step_limit
4,endpoint,synthetic3d-103369,103369,easy,True,0.0,1,acceptable
4,endpoint,synthetic3d-103425,103425,easy,True,0.0,3,acceptable
4,endpoint,synthetic3d-103428,103428,easy,True,0.0,2,acceptable
4,endpoint,synthetic3d-103545,103545,moderate,False,0.19301449905679324,10,policy_step_limit
4,endpoint,synthetic3d-103574,103574,easy,False,0.16207170486450195,10,policy_step_limit
4,endpoint,synthetic3d-103710,103710,easy,True,0.0,1,acceptable
4,endpoint,synthetic3d-103884,103884,moderate,False,0.11054987850130837,10,policy_step_limit
4,endpoint,synthetic3d-103934,103934,hard,False,0.6721129736587466,10,policy_step_limit
4,endpoint,synthetic3d-103999,103999,moderate,False,0.2569514912519274,10,policy_step_limit
4,endpoint,synthetic3d-104063,104063,easy,True,0.0,3,acceptable
4,endpoint,synthetic3d-104099,104099,moderate,False,0.12827779877606985,10,policy_step_limit
4,endpoint,synthetic3d-104173,104173,easy,False,0.1549823760986328,10,policy_step_limit
4,endpoint,synthetic3d-104403,104403,easy,True,0.0,1,acceptable
4,endpoint,synthetic3d-104720,104720,easy,True,0.0,2,acceptable
4,endpoint,synthetic3d-104767,104767,easy,True,0.0,1,acceptable
4,endpoint,synthetic3d-105237,105237,moderate,False,0.09290871349773352,10,policy_step_limit
4,endpoint,synthetic3d-105609,105609,easy,False,0.2196894645690918,10,policy_step_limit
4,endpoint,synthetic3d-105963,105963,moderate,True,0.0,4,acceptable
4,endpoint,synthetic3d-106211,106211,moderate,True,0.0,6,acceptable
4,endpoint,synthetic3d-106524,106524,easy,True,0.0,1,acceptable
4,endpoint,synthetic3d-106643,106643,easy,True,0.0,1,acceptable
4,endpoint,synthetic3d-106762,106762,easy,True,0.0,1,acceptable
4,endpoint,synthetic3d-106905,106905,easy,True,0.0,1,acceptable
4,endpoint,synthetic3d-106955,106955,moderate,False,0.0530793979897215,10,policy_step_limit
4,endpoint,synthetic3d-107023,107023,moderate,True,0.0,2,acceptable
4,endpoint,synthetic3d-107125,107125,easy,True,0.0,3,acceptable
4,endpoint,synthetic3d-107427,107427,easy,True,0.0,1,acceptable
4,endpoint,synthetic3d-107511,107511,moderate,True,0.0,7,acceptable
4,endpoint,synthetic3d-107906,107906,moderate,True,0.0,5,acceptable
4,endpoint,synthetic3d-108121,108121,easy,True,0.0,1,acceptable
4,endpoint,synthetic3d-108206,108206,moderate,True,0.0,6,acceptable
4,endpoint,synthetic3d-108267,108267,easy,True,0.0,3,acceptable
4,endpoint,synthetic3d-108331,108331,easy,True,0.0,1,acceptable
4,endpoint,synthetic3d-108703,108703,hard,False,0.20720333598998875,10,policy_step_limit
4,endpoint,synthetic3d-108746,108746,moderate,False,0.2009316195170178,10,policy_step_limit
4,endpoint,synthetic3d-108940,108940,moderate,False,0.31867115616733904,10,policy_step_limit
4,endpoint,synthetic3d-108948,108948,hard,False,0.7683781155493645,10,policy_step_limit
4,trajectory,synthetic3d-100018,100018,moderate,False,0.020300941765220994,10,policy_step_limit
4,trajectory,synthetic3d-100040,100040,easy,True,0.0,2,acceptable
4,trajectory,synthetic3d-100182,100182,easy,True,0.0,3,acceptable
4,trajectory,synthetic3d-100232,100232,moderate,True,0.0,8,acceptable
4,trajectory,synthetic3d-100319,100319,hard,False,0.2521994720477662,10,policy_step_limit
4,trajectory,synthetic3d-100326,100326,moderate,False,0.05684661865234375,10,policy_step_limit
4,trajectory,synthetic3d-100492,100492,easy,True,0.0,2,acceptable
4,trajectory,synthetic3d-100882,100882,moderate,True,0.0,9,acceptable
4,trajectory,synthetic3d-100887,100887,easy,True,0.0,2,acceptable
4,trajectory,synthetic3d-101275,101275,moderate,True,0.0,10,acceptable
4,trajectory,synthetic3d-101320,101320,hard,False,0.21496477336476993,10,policy_step_limit
4,trajectory,synthetic3d-101444,101444,hard,False,0.599248439263006,10,policy_step_limit
4,trajectory,synthetic3d-101566,101566,hard,False,0.07604894436505716,10,policy_step_limit
4,trajectory,synthetic3d-101567,101567,easy,True,0.0,7,acceptable
4,trajectory,synthetic3d-101622,101622,moderate,True,0.0,5,acceptable
4,trajectory,synthetic3d-101763,101763,moderate,True,0.0,10,acceptable
4,trajectory,synthetic3d-101788,101788,moderate,True,0.0,2,acceptable
4,trajectory,synthetic3d-101921,101921,hard,False,0.1763238903716693,10,policy_step_limit
4,trajectory,synthetic3d-102031,102031,easy,True,0.0,2,acceptable
4,trajectory,synthetic3d-102113,102113,hard,False,0.33581230489867053,10,policy_step_limit
4,trajectory,synthetic3d-102703,102703,moderate,True,0.0,5,acceptable
4,trajectory,synthetic3d-102905,102905,moderate,True,0.0,2,acceptable
4,trajectory,synthetic3d-103177,103177,hard,False,0.17861428404168778,10,policy_step_limit
4,trajectory,synthetic3d-103369,103369,easy,True,0.0,3,acceptable
4,trajectory,synthetic3d-103425,103425,easy,True,0.0,2,acceptable
4,trajectory,synthetic3d-103428,103428,easy,True,0.0,3,acceptable
4,trajectory,synthetic3d-103545,103545,moderate,False,0.22744406640759207,10,policy_step_limit
4,trajectory,synthetic3d-103574,103574,easy,False,0.1502829441064819,10,policy_step_limit
4,trajectory,synthetic3d-103710,103710,easy,True,0.0,2,acceptable
4,trajectory,synthetic3d-103884,103884,moderate,False,0.14121003711924832,10,policy_step_limit
4,trajectory,synthetic3d-103934,103934,hard,False,0.6738775945331699,10,policy_step_limit
4,trajectory,synthetic3d-103999,103999,moderate,False,0.20772375428665968,10,policy_step_limit
4,trajectory,synthetic3d-104063,104063,easy,True,0.0,6,acceptable
4,trajectory,synthetic3d-104099,104099,moderate,False,0.31513895350127563,10,policy_step_limit
4,trajectory,synthetic3d-104173,104173,easy,True,0.0,7,acceptable
4,trajectory,synthetic3d-104403,104403,easy,True,0.0,2,acceptable
4,trajectory,synthetic3d-104720,104720,easy,True,0.0,2,acceptable
4,trajectory,synthetic3d-104767,104767,easy,True,0.0,2,acceptable
4,trajectory,synthetic3d-105237,105237,moderate,False,0.08575227164781296,10,policy_step_limit
4,trajectory,synthetic3d-105609,105609,easy,False,0.036068073463730865,10,policy_step_limit
4,trajectory,synthetic3d-105963,105963,moderate,True,0.0,2,acceptable
4,trajectory,synthetic3d-106211,106211,moderate,True,0.0,7,acceptable
4,trajectory,synthetic3d-106524,106524,easy,True,0.0,2,acceptable
4,trajectory,synthetic3d-106643,106643,easy,True,0.0,2,acceptable
4,trajectory,synthetic3d-106762,106762,easy,True,0.0,2,acceptable
4,trajectory,synthetic3d-106905,106905,easy,True,0.0,2,acceptable
4,trajectory,synthetic3d-106955,106955,moderate,True,0.0,7,acceptable
4,trajectory,synthetic3d-107023,107023,moderate,True,0.0,2,acceptable
4,trajectory,synthetic3d-107125,107125,easy,True,0.0,4,acceptable
4,trajectory,synthetic3d-107427,107427,easy,True,0.0,2,acceptable
4,trajectory,synthetic3d-107511,107511,moderate,True,0.0,9,acceptable
4,trajectory,synthetic3d-107906,107906,moderate,True,0.0,5,acceptable
4,trajectory,synthetic3d-108121,108121,easy,True,0.0,2,acceptable
4,trajectory,synthetic3d-108206,108206,moderate,True,0.0,2,acceptable
4,trajectory,synthetic3d-108267,108267,easy,True,0.0,3,acceptable
4,trajectory,synthetic3d-108331,108331,easy,True,0.0,5,acceptable
4,trajectory,synthetic3d-108703,108703,hard,False,0.1248337694967463,10,policy_step_limit
4,trajectory,synthetic3d-108746,108746,moderate,False,0.03660899772250037,10,policy_step_limit
4,trajectory,synthetic3d-108940,108940,moderate,False,0.08679011974008333,10,policy_step_limit
4,trajectory,synthetic3d-108948,108948,hard,False,0.35036188940188756,10,policy_step_limit
5,endpoint,synthetic3d-100018,100018,moderate,False,0.2529104629890171,10,policy_step_limit
5,endpoint,synthetic3d-100040,100040,easy,True,0.0,2,acceptable
5,endpoint,synthetic3d-100182,100182,easy,False,0.09350591594119662,10,policy_step_limit
5,endpoint,synthetic3d-100232,100232,moderate,False,0.249163256637827,10,policy_step_limit
5,endpoint,synthetic3d-100319,100319,hard,False,0.6868497093678313,10,policy_step_limit
5,endpoint,synthetic3d-100326,100326,moderate,True,0.0,10,acceptable
5,endpoint,synthetic3d-100492,100492,easy,True,0.0,1,acceptable
5,endpoint,synthetic3d-100882,100882,moderate,False,0.04987769968369425,10,policy_step_limit
5,endpoint,synthetic3d-100887,100887,easy,True,0.0,1,acceptable
5,endpoint,synthetic3d-101275,101275,moderate,False,0.004203987121582031,10,policy_step_limit
5,endpoint,synthetic3d-101320,101320,hard,False,0.13042059691390304,10,policy_step_limit
5,endpoint,synthetic3d-101444,101444,hard,False,0.28704575891814077,10,policy_step_limit
5,endpoint,synthetic3d-101566,101566,hard,False,0.7521046360069801,10,policy_step_limit
5,endpoint,synthetic3d-101567,101567,easy,False,0.18690033819630325,10,policy_step_limit
5,endpoint,synthetic3d-101622,101622,moderate,True,0.0,2,acceptable
5,endpoint,synthetic3d-101763,101763,moderate,False,0.008122634887695313,10,policy_step_limit
5,endpoint,synthetic3d-101788,101788,moderate,False,0.002970224816903899,10,policy_step_limit
5,endpoint,synthetic3d-101921,101921,hard,False,0.3844511745493033,10,policy_step_limit
5,endpoint,synthetic3d-102031,102031,easy,True,0.0,1,acceptable
5,endpoint,synthetic3d-102113,102113,hard,False,0.8473695920872604,10,policy_step_limit
5,endpoint,synthetic3d-102703,102703,moderate,True,0.0,4,acceptable
5,endpoint,synthetic3d-102905,102905,moderate,True,0.0,3,acceptable
5,endpoint,synthetic3d-103177,103177,hard,False,0.6043491717658971,10,policy_step_limit
5,endpoint,synthetic3d-103369,103369,easy,True,0.0,1,acceptable
5,endpoint,synthetic3d-103425,103425,easy,True,0.0,3,acceptable
5,endpoint,synthetic3d-103428,103428,easy,True,0.0,2,acceptable
5,endpoint,synthetic3d-103545,103545,moderate,False,0.3531170828910377,10,policy_step_limit
5,endpoint,synthetic3d-103574,103574,easy,False,0.1962104186782616,10,policy_step_limit
5,endpoint,synthetic3d-103710,103710,easy,True,0.0,1,acceptable
5,endpoint,synthetic3d-103884,103884,moderate,False,0.02752301272223975,10,policy_step_limit
5,endpoint,synthetic3d-103934,103934,hard,False,0.8505201996011282,10,policy_step_limit
5,endpoint,synthetic3d-103999,103999,moderate,False,0.439102093115451,10,policy_step_limit
5,endpoint,synthetic3d-104063,104063,easy,True,0.0,10,acceptable
5,endpoint,synthetic3d-104099,104099,moderate,False,0.08812131881713865,10,policy_step_limit
5,endpoint,synthetic3d-104173,104173,easy,False,0.1337359550685202,10,policy_step_limit
5,endpoint,synthetic3d-104403,104403,easy,True,0.0,1,acceptable
5,endpoint,synthetic3d-104720,104720,easy,True,0.0,2,acceptable
5,endpoint,synthetic3d-104767,104767,easy,True,0.0,1,acceptable
5,endpoint,synthetic3d-105237,105237,moderate,False,0.35010937479712223,10,policy_step_limit
5,endpoint,synthetic3d-105609,105609,easy,False,0.48163473140144,10,policy_step_limit
5,endpoint,synthetic3d-105963,105963,moderate,True,0.0,9,acceptable
5,endpoint,synthetic3d-106211,106211,moderate,True,0.0,10,acceptable
5,endpoint,synthetic3d-106524,106524,easy,True,0.0,1,acceptable
5,endpoint,synthetic3d-106643,106643,easy,True,0.0,1,acceptable
5,endpoint,synthetic3d-106762,106762,easy,True,0.0,3,acceptable
5,endpoint,synthetic3d-106905,106905,easy,True,0.0,1,acceptable
5,endpoint,synthetic3d-106955,106955,moderate,False,0.21906614199058705,10,policy_step_limit
5,endpoint,synthetic3d-107023,107023,moderate,True,0.0,2,acceptable
5,endpoint,synthetic3d-107125,107125,easy,True,0.0,8,acceptable
5,endpoint,synthetic3d-107427,107427,easy,True,0.0,1,acceptable
5,endpoint,synthetic3d-107511,107511,moderate,True,0.0,10,acceptable
5,endpoint,synthetic3d-107906,107906,moderate,True,0.0,4,acceptable
5,endpoint,synthetic3d-108121,108121,easy,True,0.0,1,acceptable
5,endpoint,synthetic3d-108206,108206,moderate,True,0.0,2,acceptable
5,endpoint,synthetic3d-108267,108267,easy,True,0.0,2,acceptable
5,endpoint,synthetic3d-108331,108331,easy,True,0.0,1,acceptable
5,endpoint,synthetic3d-108703,108703,hard,False,0.4358442234532337,10,policy_step_limit
5,endpoint,synthetic3d-108746,108746,moderate,False,0.3119021251527393,10,policy_step_limit
5,endpoint,synthetic3d-108940,108940,moderate,False,0.29763549488364766,10,policy_step_limit
5,endpoint,synthetic3d-108948,108948,hard,False,0.8717172592876392,10,policy_step_limit
5,trajectory,synthetic3d-100018,100018,moderate,False,0.2677634918426328,10,policy_step_limit
5,trajectory,synthetic3d-100040,100040,easy,True,0.0,5,acceptable
5,trajectory,synthetic3d-100182,100182,easy,True,0.0,6,acceptable
5,trajectory,synthetic3d-100232,100232,moderate,True,0.0,2,acceptable
5,trajectory,synthetic3d-100319,100319,hard,False,0.21681160985584252,10,policy_step_limit
5,trajectory,synthetic3d-100326,100326,moderate,True,0.0,9,acceptable
5,trajectory,synthetic3d-100492,100492,easy,True,0.0,2,acceptable
5,trajectory,synthetic3d-100882,100882,moderate,False,0.15670586805936804,10,policy_step_limit
5,trajectory,synthetic3d-100887,100887,easy,True,0.0,2,acceptable
5,trajectory,synthetic3d-101275,101275,moderate,True,0.0,2,acceptable
5,trajectory,synthetic3d-101320,101320,hard,False,0.07182213668399196,10,policy_step_limit
5,trajectory,synthetic3d-101444,101444,hard,False,0.032652210142478655,10,policy_step_limit
5,trajectory,synthetic3d-101566,101566,hard,False,0.4696264567581028,10,policy_step_limit
5,trajectory,synthetic3d-101567,101567,easy,True,0.0,7,acceptable
5,trajectory,synthetic3d-101622,101622,moderate,True,0.0,3,acceptable
5,trajectory,synthetic3d-101763,101763,moderate,False,0.1640192887764167,10,policy_step_limit
5,trajectory,synthetic3d-101788,101788,moderate,False,0.08453167560512331,10,policy_step_limit
5,trajectory,synthetic3d-101921,101921,hard,False,0.2286197877875109,10,policy_step_limit
5,trajectory,synthetic3d-102031,102031,easy,True,0.0,4,acceptable
5,trajectory,synthetic3d-102113,102113,hard,False,0.3230981456447961,10,policy_step_limit
5,trajectory,synthetic3d-102703,102703,moderate,True,0.0,3,acceptable
5,trajectory,synthetic3d-102905,102905,moderate,True,0.0,3,acceptable
5,trajectory,synthetic3d-103177,103177,hard,False,0.17180080880598353,10,policy_step_limit
5,trajectory,synthetic3d-103369,103369,easy,True,0.0,3,acceptable
5,trajectory,synthetic3d-103425,103425,easy,True,0.0,4,acceptable
5,trajectory,synthetic3d-103428,103428,easy,True,0.0,3,acceptable
5,trajectory,synthetic3d-103545,103545,moderate,True,0.0,4,acceptable
5,trajectory,synthetic3d-103574,103574,easy,True,0.0,7,acceptable
5,trajectory,synthetic3d-103710,103710,easy,True,0.0,2,acceptable
5,trajectory,synthetic3d-103884,103884,moderate,False,0.1530753760942618,10,policy_step_limit
5,trajectory,synthetic3d-103934,103934,hard,False,0.25736257231519577,10,policy_step_limit
5,trajectory,synthetic3d-103999,103999,moderate,False,0.21416275885947048,10,policy_step_limit
5,trajectory,synthetic3d-104063,104063,easy,True,0.0,5,acceptable
5,trajectory,synthetic3d-104099,104099,moderate,False,0.2640798948333247,10,policy_step_limit
5,trajectory,synthetic3d-104173,104173,easy,True,0.0,8,acceptable
5,trajectory,synthetic3d-104403,104403,easy,True,0.0,2,acceptable
5,trajectory,synthetic3d-104720,104720,easy,True,0.0,2,acceptable
5,trajectory,synthetic3d-104767,104767,easy,True,0.0,2,acceptable
5,trajectory,synthetic3d-105237,105237,moderate,False,0.13439792745253618,10,policy_step_limit
5,trajectory,synthetic3d-105609,105609,easy,True,0.0,9,acceptable
5,trajectory,synthetic3d-105963,105963,moderate,True,0.0,6,acceptable
5,trajectory,synthetic3d-106211,106211,moderate,True,0.0,2,acceptable
5,trajectory,synthetic3d-106524,106524,easy,True,0.0,3,acceptable
5,trajectory,synthetic3d-106643,106643,easy,True,0.0,2,acceptable
5,trajectory,synthetic3d-106762,106762,easy,True,0.0,2,acceptable
5,trajectory,synthetic3d-106905,106905,easy,True,0.0,2,acceptable
5,trajectory,synthetic3d-106955,106955,moderate,False,0.15426092903996325,10,policy_step_limit
5,trajectory,synthetic3d-107023,107023,moderate,True,0.0,2,acceptable
5,trajectory,synthetic3d-107125,107125,easy,True,0.0,6,acceptable
5,trajectory,synthetic3d-107427,107427,easy,True,0.0,2,acceptable
5,trajectory,synthetic3d-107511,107511,moderate,False,0.03394621961257034,10,policy_step_limit
5,trajectory,synthetic3d-107906,107906,moderate,True,0.0,4,acceptable
5,trajectory,synthetic3d-108121,108121,easy,True,0.0,4,acceptable
5,trajectory,synthetic3d-108206,108206,moderate,True,0.0,2,acceptable
5,trajectory,synthetic3d-108267,108267,easy,True,0.0,6,acceptable
5,trajectory,synthetic3d-108331,108331,easy,True,0.0,6,acceptable
5,trajectory,synthetic3d-108703,108703,hard,False,0.47582655886305325,10,policy_step_limit
5,trajectory,synthetic3d-108746,108746,moderate,False,0.03981657589183132,10,policy_step_limit
5,trajectory,synthetic3d-108940,108940,moderate,False,0.33797428248612466,10,policy_step_limit
5,trajectory,synthetic3d-108948,108948,hard,False,0.5120979908867433,10,policy_step_limit
6,endpoint,synthetic3d-100018,100018,moderate,False,0.03754060545693627,10,policy_step_limit
6,endpoint,synthetic3d-100040,100040,easy,True,0.0,2,acceptable
6,endpoint,synthetic3d-100182,100182,easy,True,0.0,9,acceptable
6,endpoint,synthetic3d-100232,100232,moderate,False,0.06777867244393798,10,policy_step_limit
6,endpoint,synthetic3d-100319,100319,hard,False,0.44663605247471033,10,policy_step_limit
6,endpoint,synthetic3d-100326,100326,moderate,False,0.07192134857177734,10,policy_step_limit
6,endpoint,synthetic3d-100492,100492,easy,True,0.0,2,acceptable
6,endpoint,synthetic3d-100882,100882,moderate,False,0.06889943515553192,10,policy_step_limit
6,endpoint,synthetic3d-100887,100887,easy,True,0.0,2,acceptable
6,endpoint,synthetic3d-101275,101275,moderate,True,0.0,10,acceptable
6,endpoint,synthetic3d-101320,101320,hard,False,0.043540848868014057,10,policy_step_limit
6,endpoint,synthetic3d-101444,101444,hard,False,0.3386210745172604,10,policy_step_limit
6,endpoint,synthetic3d-101566,101566,hard,False,0.9242944576428564,10,policy_step_limit
6,endpoint,synthetic3d-101567,101567,easy,True,0.0,3,acceptable
6,endpoint,synthetic3d-101622,101622,moderate,True,0.0,2,acceptable
6,endpoint,synthetic3d-101763,101763,moderate,False,0.09034767150878906,10,policy_step_limit
6,endpoint,synthetic3d-101788,101788,moderate,True,0.0,2,acceptable
6,endpoint,synthetic3d-101921,101921,hard,False,0.3334543382120154,10,policy_step_limit
6,endpoint,synthetic3d-102031,102031,easy,True,0.0,2,acceptable
6,endpoint,synthetic3d-102113,102113,hard,False,0.4433879552480175,10,policy_step_limit
6,endpoint,synthetic3d-102703,102703,moderate,True,0.0,3,acceptable
6,endpoint,synthetic3d-102905,102905,moderate,True,0.0,2,acceptable
6,endpoint,synthetic3d-103177,103177,hard,False,0.5027187372527573,10,policy_step_limit
6,endpoint,synthetic3d-103369,103369,easy,True,0.0,2,acceptable
6,endpoint,synthetic3d-103425,103425,easy,True,0.0,3,acceptable
6,endpoint,synthetic3d-103428,103428,easy,True,0.0,3,acceptable
6,endpoint,synthetic3d-103545,103545,moderate,False,0.1878055420189757,10,policy_step_limit
6,endpoint,synthetic3d-103574,103574,easy,False,0.032471298701743034,10,policy_step_limit
6,endpoint,synthetic3d-103710,103710,easy,True,0.0,2,acceptable
6,endpoint,synthetic3d-103884,103884,moderate,False,0.08576348248650044,10,policy_step_limit
6,endpoint,synthetic3d-103934,103934,hard,False,0.8211733058833817,10,policy_step_limit
6,endpoint,synthetic3d-103999,103999,moderate,False,0.49903095829142274,10,policy_step_limit
6,endpoint,synthetic3d-104063,104063,easy,True,0.0,3,acceptable
6,endpoint,synthetic3d-104099,104099,moderate,False,0.05924034960129679,10,policy_step_limit
6,endpoint,synthetic3d-104173,104173,easy,True,0.0,6,acceptable
6,endpoint,synthetic3d-104403,104403,easy,True,0.0,2,acceptable
6,endpoint,synthetic3d-104720,104720,easy,True,0.0,2,acceptable
6,endpoint,synthetic3d-104767,104767,easy,True,0.0,2,acceptable
6,endpoint,synthetic3d-105237,105237,moderate,False,0.21625318297389562,10,policy_step_limit
6,endpoint,synthetic3d-105609,105609,easy,True,0.0,10,acceptable
6,endpoint,synthetic3d-105963,105963,moderate,True,0.0,2,acceptable
6,endpoint,synthetic3d-106211,106211,moderate,False,0.06377549222531997,10,policy_step_limit
6,endpoint,synthetic3d-106524,106524,easy,True,0.0,2,acceptable
6,endpoint,synthetic3d-106643,106643,easy,True,0.0,2,acceptable
6,endpoint,synthetic3d-106762,106762,easy,True,0.0,2,acceptable
6,endpoint,synthetic3d-106905,106905,easy,True,0.0,2,acceptable
6,endpoint,synthetic3d-106955,106955,moderate,False,0.23753008790757835,10,policy_step_limit
6,endpoint,synthetic3d-107023,107023,moderate,True,0.0,2,acceptable
6,endpoint,synthetic3d-107125,107125,easy,True,0.0,3,acceptable
6,endpoint,synthetic3d-107427,107427,easy,True,0.0,4,acceptable
6,endpoint,synthetic3d-107511,107511,moderate,False,0.005947685241699219,10,policy_step_limit
6,endpoint,synthetic3d-107906,107906,moderate,False,0.07849744778996315,10,policy_step_limit
6,endpoint,synthetic3d-108121,108121,easy,True,0.0,2,acceptable
6,endpoint,synthetic3d-108206,108206,moderate,True,0.0,2,acceptable
6,endpoint,synthetic3d-108267,108267,easy,True,0.0,2,acceptable
6,endpoint,synthetic3d-108331,108331,easy,True,0.0,4,acceptable
6,endpoint,synthetic3d-108703,108703,hard,False,0.5999520428140759,10,policy_step_limit
6,endpoint,synthetic3d-108746,108746,moderate,False,0.18231575882560122,10,policy_step_limit
6,endpoint,synthetic3d-108940,108940,moderate,False,0.17147472767745287,10,policy_step_limit
6,endpoint,synthetic3d-108948,108948,hard,False,0.3981701612121208,10,policy_step_limit
6,trajectory,synthetic3d-100018,100018,moderate,False,0.06679475341664731,10,policy_step_limit
6,trajectory,synthetic3d-100040,100040,easy,True,0.0,2,acceptable
6,trajectory,synthetic3d-100182,100182,easy,False,0.020216941833496094,10,policy_step_limit
6,trajectory,synthetic3d-100232,100232,moderate,True,0.0,2,acceptable
6,trajectory,synthetic3d-100319,100319,hard,False,0.338999240141449,10,policy_step_limit
6,trajectory,synthetic3d-100326,100326,moderate,True,0.0,8,acceptable
6,trajectory,synthetic3d-100492,100492,easy,True,0.0,1,acceptable
6,trajectory,synthetic3d-100882,100882,moderate,False,0.0798820574085457,10,policy_step_limit
6,trajectory,synthetic3d-100887,100887,easy,True,0.0,1,acceptable
6,trajectory,synthetic3d-101275,101275,moderate,True,0.0,1,acceptable
6,trajectory,synthetic3d-101320,101320,hard,False,0.33253976344849995,10,policy_step_limit
6,trajectory,synthetic3d-101444,101444,hard,False,0.2856650930078861,10,policy_step_limit
6,trajectory,synthetic3d-101566,101566,hard,False,0.17138506075990323,10,policy_step_limit
6,trajectory,synthetic3d-101567,101567,easy,False,0.006432437896728515,10,policy_step_limit
6,trajectory,synthetic3d-101622,101622,moderate,True,0.0,3,acceptable
6,trajectory,synthetic3d-101763,101763,moderate,False,0.15308166710329965,10,policy_step_limit
6,trajectory,synthetic3d-101788,101788,moderate,False,0.009162998199462891,10,policy_step_limit
6,trajectory,synthetic3d-101921,101921,hard,False,0.47086724735541435,10,policy_step_limit
6,trajectory,synthetic3d-102031,102031,easy,True,0.0,1,acceptable
6,trajectory,synthetic3d-102113,102113,hard,False,0.3019590950925472,10,policy_step_limit
6,trajectory,synthetic3d-102703,102703,moderate,True,0.0,5,acceptable
6,trajectory,synthetic3d-102905,102905,moderate,True,0.0,1,acceptable
6,trajectory,synthetic3d-103177,103177,hard,True,0.0,6,acceptable
6,trajectory,synthetic3d-103369,103369,easy,True,0.0,1,acceptable
6,trajectory,synthetic3d-103425,103425,easy,True,0.0,3,acceptable
6,trajectory,synthetic3d-103428,103428,easy,True,0.0,2,acceptable
6,trajectory,synthetic3d-103545,103545,moderate,True,0.0,7,acceptable
6,trajectory,synthetic3d-103574,103574,easy,True,0.0,10,acceptable
6,trajectory,synthetic3d-103710,103710,easy,True,0.0,1,acceptable
6,trajectory,synthetic3d-103884,103884,moderate,False,0.30771877961577704,10,policy_step_limit
6,trajectory,synthetic3d-103934,103934,hard,False,0.598015065258106,10,policy_step_limit
6,trajectory,synthetic3d-103999,103999,moderate,True,0.0,8,acceptable
6,trajectory,synthetic3d-104063,104063,easy,True,0.0,10,acceptable
6,trajectory,synthetic3d-104099,104099,moderate,False,0.29930131456437425,10,policy_step_limit
6,trajectory,synthetic3d-104173,104173,easy,False,0.026005363464355467,10,policy_step_limit
6,trajectory,synthetic3d-104403,104403,easy,True,0.0,1,acceptable
6,trajectory,synthetic3d-104720,104720,easy,True,0.0,2,acceptable
6,trajectory,synthetic3d-104767,104767,easy,True,0.0,1,acceptable
6,trajectory,synthetic3d-105237,105237,moderate,False,0.10953191588906679,10,policy_step_limit
6,trajectory,synthetic3d-105609,105609,easy,False,0.08961803211885337,10,policy_step_limit
6,trajectory,synthetic3d-105963,105963,moderate,True,0.0,2,acceptable
6,trajectory,synthetic3d-106211,106211,moderate,True,0.0,4,acceptable
6,trajectory,synthetic3d-106524,106524,easy,True,0.0,1,acceptable
6,trajectory,synthetic3d-106643,106643,easy,True,0.0,1,acceptable
6,trajectory,synthetic3d-106762,106762,easy,True,0.0,1,acceptable
6,trajectory,synthetic3d-106905,106905,easy,True,0.0,1,acceptable
6,trajectory,synthetic3d-106955,106955,moderate,True,0.0,5,acceptable
6,trajectory,synthetic3d-107023,107023,moderate,True,0.0,2,acceptable
6,trajectory,synthetic3d-107125,107125,easy,True,0.0,8,acceptable
6,trajectory,synthetic3d-107427,107427,easy,True,0.0,1,acceptable
6,trajectory,synthetic3d-107511,107511,moderate,False,0.046681690216064456,10,policy_step_limit
6,trajectory,synthetic3d-107906,107906,moderate,True,0.0,3,acceptable
6,trajectory,synthetic3d-108121,108121,easy,True,0.0,1,acceptable
6,trajectory,synthetic3d-108206,108206,moderate,True,0.0,4,acceptable
6,trajectory,synthetic3d-108267,108267,easy,True,0.0,10,acceptable
6,trajectory,synthetic3d-108331,108331,easy,True,0.0,1,acceptable
6,trajectory,synthetic3d-108703,108703,hard,False,0.11709511085639024,10,policy_step_limit
6,trajectory,synthetic3d-108746,108746,moderate,False,0.1137314796447754,10,policy_step_limit
6,trajectory,synthetic3d-108940,108940,moderate,False,0.09666124851584815,10,policy_step_limit
6,trajectory,synthetic3d-108948,108948,hard,False,0.36420698074092556,10,policy_step_limit
7,endpoint,synthetic3d-100018,100018,moderate,True,0.0,8,acceptable
7,endpoint,synthetic3d-100040,100040,easy,True,0.0,2,acceptable
7,endpoint,synthetic3d-100182,100182,easy,True,0.0,5,acceptable
7,endpoint,synthetic3d-100232,100232,moderate,True,0.0,5,acceptable
7,endpoint,synthetic3d-100319,100319,hard,False,0.4616899111297079,10,policy_step_limit
7,endpoint,synthetic3d-100326,100326,moderate,True,0.0,5,acceptable
7,endpoint,synthetic3d-100492,100492,easy,True,0.0,2,acceptable
7,endpoint,synthetic3d-100882,100882,moderate,False,0.1559003894842712,10,policy_step_limit
7,endpoint,synthetic3d-100887,100887,easy,True,0.0,2,acceptable
7,endpoint,synthetic3d-101275,101275,moderate,True,0.0,2,acceptable
7,endpoint,synthetic3d-101320,101320,hard,False,0.2314644151215346,10,policy_step_limit
7,endpoint,synthetic3d-101444,101444,hard,False,0.12822840228134802,10,policy_step_limit
7,endpoint,synthetic3d-101566,101566,hard,False,0.06202057255040083,10,policy_step_limit
7,endpoint,synthetic3d-101567,101567,easy,True,0.0,8,acceptable
7,endpoint,synthetic3d-101622,101622,moderate,True,0.0,3,acceptable
7,endpoint,synthetic3d-101763,101763,moderate,False,0.013222122192382812,10,policy_step_limit
7,endpoint,synthetic3d-101788,101788,moderate,True,0.0,2,acceptable
7,endpoint,synthetic3d-101921,101921,hard,False,0.045393865789022714,10,policy_step_limit
7,endpoint,synthetic3d-102031,102031,easy,True,0.0,2,acceptable
7,endpoint,synthetic3d-102113,102113,hard,False,0.6013075821191858,10,policy_step_limit
7,endpoint,synthetic3d-102703,102703,moderate,True,0.0,4,acceptable
7,endpoint,synthetic3d-102905,102905,moderate,True,0.0,2,acceptable
7,endpoint,synthetic3d-103177,103177,hard,False,0.026649970419658997,10,policy_step_limit
7,endpoint,synthetic3d-103369,103369,easy,True,0.0,2,acceptable
7,endpoint,synthetic3d-103425,103425,easy,True,0.0,2,acceptable
7,endpoint,synthetic3d-103428,103428,easy,True,0.0,3,acceptable
7,endpoint,synthetic3d-103545,103545,moderate,False,0.18488936569172099,10,policy_step_limit
7,endpoint,synthetic3d-103574,103574,easy,False,0.08859998769645605,10,policy_step_limit
7,endpoint,synthetic3d-103710,103710,easy,True,0.0,2,acceptable
7,endpoint,synthetic3d-103884,103884,moderate,False,0.19144307174444308,10,policy_step_limit
7,endpoint,synthetic3d-103934,103934,hard,False,0.9349506343887164,10,policy_step_limit
7,endpoint,synthetic3d-103999,103999,moderate,False,0.268778052051452,10,policy_step_limit
7,endpoint,synthetic3d-104063,104063,easy,True,0.0,2,acceptable
7,endpoint,synthetic3d-104099,104099,moderate,False,0.3818247270727233,10,policy_step_limit
7,endpoint,synthetic3d-104173,104173,easy,True,0.0,3,acceptable
7,endpoint,synthetic3d-104403,104403,easy,True,0.0,2,acceptable
7,endpoint,synthetic3d-104720,104720,easy,True,0.0,2,acceptable
7,endpoint,synthetic3d-104767,104767,easy,True,0.0,2,acceptable
7,endpoint,synthetic3d-105237,105237,moderate,False,0.22989475037629292,10,policy_step_limit
7,endpoint,synthetic3d-105609,105609,easy,True,0.0,4,acceptable
7,endpoint,synthetic3d-105963,105963,moderate,True,0.0,2,acceptable
7,endpoint,synthetic3d-106211,106211,moderate,True,0.0,2,acceptable
7,endpoint,synthetic3d-106524,106524,easy,True,0.0,2,acceptable
7,endpoint,synthetic3d-106643,106643,easy,True,0.0,2,acceptable
7,endpoint,synthetic3d-106762,106762,easy,True,0.0,2,acceptable
7,endpoint,synthetic3d-106905,106905,easy,True,0.0,2,acceptable
7,endpoint,synthetic3d-106955,106955,moderate,True,0.0,4,acceptable
7,endpoint,synthetic3d-107023,107023,moderate,True,0.0,2,acceptable
7,endpoint,synthetic3d-107125,107125,easy,True,0.0,2,acceptable
7,endpoint,synthetic3d-107427,107427,easy,True,0.0,3,acceptable
7,endpoint,synthetic3d-107511,107511,moderate,True,0.0,3,acceptable
7,endpoint,synthetic3d-107906,107906,moderate,True,0.0,4,acceptable
7,endpoint,synthetic3d-108121,108121,easy,True,0.0,2,acceptable
7,endpoint,synthetic3d-108206,108206,moderate,True,0.0,4,acceptable
7,endpoint,synthetic3d-108267,108267,easy,True,0.0,5,acceptable
7,endpoint,synthetic3d-108331,108331,easy,True,0.0,3,acceptable
7,endpoint,synthetic3d-108703,108703,hard,True,0.0,5,acceptable
7,endpoint,synthetic3d-108746,108746,moderate,True,0.0,8,acceptable
7,endpoint,synthetic3d-108940,108940,moderate,False,0.16706874931844795,10,policy_step_limit
7,endpoint,synthetic3d-108948,108948,hard,False,0.6595279168838559,10,policy_step_limit
7,trajectory,synthetic3d-100018,100018,moderate,False,0.1974759601432985,10,policy_step_limit
7,trajectory,synthetic3d-100040,100040,easy,True,0.0,2,acceptable
7,trajectory,synthetic3d-100182,100182,easy,True,0.0,6,acceptable
7,trajectory,synthetic3d-100232,100232,moderate,False,0.13206940226938602,10,policy_step_limit
7,trajectory,synthetic3d-100319,100319,hard,False,0.2391149622071339,10,policy_step_limit
7,trajectory,synthetic3d-100326,100326,moderate,True,0.0,9,acceptable
7,trajectory,synthetic3d-100492,100492,easy,True,0.0,2,acceptable
7,trajectory,synthetic3d-100882,100882,moderate,False,0.040159758399514564,10,policy_step_limit
7,trajectory,synthetic3d-100887,100887,easy,True,0.0,1,acceptable
7,trajectory,synthetic3d-101275,101275,moderate,True,0.0,9,acceptable
7,trajectory,synthetic3d-101320,101320,hard,False,0.2059548015783732,10,policy_step_limit
7,trajectory,synthetic3d-101444,101444,hard,False,0.5663598001503658,10,policy_step_limit
7,trajectory,synthetic3d-101566,101566,hard,False,0.008296935235370562,10,policy_step_limit
7,trajectory,synthetic3d-101567,101567,easy,True,0.0,8,acceptable
7,trajectory,synthetic3d-101622,101622,moderate,True,0.0,2,acceptable
7,trajectory,synthetic3d-101763,101763,moderate,False,0.009054183959960938,10,policy_step_limit
7,trajectory,synthetic3d-101788,101788,moderate,False,0.07106103440827116,10,policy_step_limit
7,trajectory,synthetic3d-101921,101921,hard,False,0.33214681106417204,10,policy_step_limit
7,trajectory,synthetic3d-102031,102031,easy,True,0.0,2,acceptable
7,trajectory,synthetic3d-102113,102113,hard,False,0.34161837056680366,10,policy_step_limit
7,trajectory,synthetic3d-102703,102703,moderate,True,0.0,4,acceptable
7,trajectory,synthetic3d-102905,102905,moderate,True,0.0,2,acceptable
7,trajectory,synthetic3d-103177,103177,hard,False,0.34288190786580963,10,policy_step_limit
7,trajectory,synthetic3d-103369,103369,easy,True,0.0,3,acceptable
7,trajectory,synthetic3d-103425,103425,easy,True,0.0,2,acceptable
7,trajectory,synthetic3d-103428,103428,easy,True,0.0,2,acceptable
7,trajectory,synthetic3d-103545,103545,moderate,False,0.34135243226607614,10,policy_step_limit
7,trajectory,synthetic3d-103574,103574,easy,False,0.383100031834708,10,policy_step_limit
7,trajectory,synthetic3d-103710,103710,easy,True,0.0,2,acceptable
7,trajectory,synthetic3d-103884,103884,moderate,False,0.028827022103702294,10,policy_step_limit
7,trajectory,synthetic3d-103934,103934,hard,False,0.4102888420560722,10,policy_step_limit
7,trajectory,synthetic3d-103999,103999,moderate,False,0.4988392275011617,10,policy_step_limit
7,trajectory,synthetic3d-104063,104063,easy,True,0.0,3,acceptable
7,trajectory,synthetic3d-104099,104099,moderate,False,0.09099789226756375,10,policy_step_limit
7,trajectory,synthetic3d-104173,104173,easy,False,0.08311609076223347,10,policy_step_limit
7,trajectory,synthetic3d-104403,104403,easy,True,0.0,2,acceptable
7,trajectory,synthetic3d-104720,104720,easy,True,0.0,2,acceptable
7,trajectory,synthetic3d-104767,104767,easy,True,0.0,2,acceptable
7,trajectory,synthetic3d-105237,105237,moderate,False,0.3216438180653429,10,policy_step_limit
7,trajectory,synthetic3d-105609,105609,easy,False,0.3018698108705835,10,policy_step_limit
7,trajectory,synthetic3d-105963,105963,moderate,True,0.0,9,acceptable
7,trajectory,synthetic3d-106211,106211,moderate,False,0.028178762784736078,10,policy_step_limit
7,trajectory,synthetic3d-106524,106524,easy,True,0.0,2,acceptable
7,trajectory,synthetic3d-106643,106643,easy,True,0.0,2,acceptable
7,trajectory,synthetic3d-106762,106762,easy,True,0.0,2,acceptable
7,trajectory,synthetic3d-106905,106905,easy,True,0.0,2,acceptable
7,trajectory,synthetic3d-106955,106955,moderate,False,0.15503108483004913,10,policy_step_limit
7,trajectory,synthetic3d-107023,107023,moderate,True,0.0,2,acceptable
7,trajectory,synthetic3d-107125,107125,easy,True,0.0,5,acceptable
7,trajectory,synthetic3d-107427,107427,easy,True,0.0,3,acceptable
7,trajectory,synthetic3d-107511,107511,moderate,True,0.0,8,acceptable
7,trajectory,synthetic3d-107906,107906,moderate,True,0.0,10,acceptable
7,trajectory,synthetic3d-108121,108121,easy,True,0.0,1,acceptable
7,trajectory,synthetic3d-108206,108206,moderate,True,0.0,2,acceptable
7,trajectory,synthetic3d-108267,108267,easy,True,0.0,3,acceptable
7,trajectory,synthetic3d-108331,108331,easy,True,0.0,3,acceptable
7,trajectory,synthetic3d-108703,108703,hard,False,0.02148749127782046,10,policy_step_limit
7,trajectory,synthetic3d-108746,108746,moderate,False,0.2954735297913243,10,policy_step_limit
7,trajectory,synthetic3d-108940,108940,moderate,False,0.037016462491820556,10,policy_step_limit
7,trajectory,synthetic3d-108948,108948,hard,False,0.5783296042434614,10,policy_step_limit
8,endpoint,synthetic3d-100018,100018,moderate,False,0.2851213483038175,10,policy_step_limit
8,endpoint,synthetic3d-100040,100040,easy,True,0.0,6,acceptable
8,endpoint,synthetic3d-100182,100182,easy,False,0.017479896545410156,10,policy_step_limit
8,endpoint,synthetic3d-100232,100232,moderate,True,0.0,2,acceptable
8,endpoint,synthetic3d-100319,100319,hard,False,0.3279216620567101,10,policy_step_limit
8,endpoint,synthetic3d-100326,100326,moderate,True,0.0,8,acceptable
8,endpoint,synthetic3d-100492,100492,easy,True,0.0,3,acceptable
8,endpoint,synthetic3d-100882,100882,moderate,False,0.2638481459911113,10,policy_step_limit
8,endpoint,synthetic3d-100887,100887,easy,True,0.0,3,acceptable
8,endpoint,synthetic3d-101275,101275,moderate,True,0.0,7,acceptable
8,endpoint,synthetic3d-101320,101320,hard,False,0.08308942434795163,10,policy_step_limit
8,endpoint,synthetic3d-101444,101444,hard,False,0.8797181560244132,10,policy_step_limit
8,endpoint,synthetic3d-101566,101566,hard,False,0.13179002607941603,10,policy_step_limit
8,endpoint,synthetic3d-101567,101567,easy,True,0.0,6,acceptable
8,endpoint,synthetic3d-101622,101622,moderate,True,0.0,2,acceptable
8,endpoint,synthetic3d-101763,101763,moderate,False,0.6656254492808424,10,policy_step_limit
8,endpoint,synthetic3d-101788,101788,moderate,True,0.0,6,acceptable
8,endpoint,synthetic3d-101921,101921,hard,False,0.5755501260205467,10,policy_step_limit
8,endpoint,synthetic3d-102031,102031,easy,True,0.0,4,acceptable
8,endpoint,synthetic3d-102113,102113,hard,False,0.1759319335869526,10,policy_step_limit
8,endpoint,synthetic3d-102703,102703,moderate,True,0.0,3,acceptable
8,endpoint,synthetic3d-102905,102905,moderate,True,0.0,2,acceptable
8,endpoint,synthetic3d-103177,103177,hard,False,0.27231423588005965,10,policy_step_limit
8,endpoint,synthetic3d-103369,103369,easy,True,0.0,3,acceptable
8,endpoint,synthetic3d-103425,103425,easy,True,0.0,4,acceptable
8,endpoint,synthetic3d-103428,103428,easy,True,0.0,3,acceptable
8,endpoint,synthetic3d-103545,103545,moderate,False,0.23117345826974245,10,policy_step_limit
8,endpoint,synthetic3d-103574,103574,easy,False,0.3022624481613038,10,policy_step_limit
8,endpoint,synthetic3d-103710,103710,easy,True,0.0,2,acceptable
8,endpoint,synthetic3d-103884,103884,moderate,True,0.0,6,acceptable
8,endpoint,synthetic3d-103934,103934,hard,False,0.8779183887292134,10,policy_step_limit
8,endpoint,synthetic3d-103999,103999,moderate,False,0.2592564139926954,10,policy_step_limit
8,endpoint,synthetic3d-104063,104063,easy,True,0.0,5,acceptable
8,endpoint,synthetic3d-104099,104099,moderate,False,0.16541848559630123,10,policy_step_limit
8,endpoint,synthetic3d-104173,104173,easy,True,0.0,6,acceptable
8,endpoint,synthetic3d-104403,104403,easy,True,0.0,2,acceptable
8,endpoint,synthetic3d-104720,104720,easy,True,0.0,2,acceptable
8,endpoint,synthetic3d-104767,104767,easy,True,0.0,3,acceptable
8,endpoint,synthetic3d-105237,105237,moderate,False,0.10308678210681932,10,policy_step_limit
8,endpoint,synthetic3d-105609,105609,easy,False,0.36930843139536285,10,policy_step_limit
8,endpoint,synthetic3d-105963,105963,moderate,True,0.0,4,acceptable
8,endpoint,synthetic3d-106211,106211,moderate,True,0.0,5,acceptable
8,endpoint,synthetic3d-106524,106524,easy,True,0.0,2,acceptable
8,endpoint,synthetic3d-106643,106643,easy,True,0.0,2,acceptable
8,endpoint,synthetic3d-106762,106762,easy,True,0.0,3,acceptable
8,endpoint,synthetic3d-106905,106905,easy,True,0.0,2,acceptable
8,endpoint,synthetic3d-106955,106955,moderate,True,0.0,2,acceptable
8,endpoint,synthetic3d-107023,107023,moderate,True,0.0,2,acceptable
8,endpoint,synthetic3d-107125,107125,easy,True,0.0,6,acceptable
8,endpoint,synthetic3d-107427,107427,easy,True,0.0,4,acceptable
8,endpoint,synthetic3d-107511,107511,moderate,True,0.0,4,acceptable
8,endpoint,synthetic3d-107906,107906,moderate,True,0.0,9,acceptable
8,endpoint,synthetic3d-108121,108121,easy,True,0.0,2,acceptable
8,endpoint,synthetic3d-108206,108206,moderate,True,0.0,2,acceptable
8,endpoint,synthetic3d-108267,108267,easy,True,0.0,4,acceptable
8,endpoint,synthetic3d-108331,108331,easy,True,0.0,5,acceptable
8,endpoint,synthetic3d-108703,108703,hard,False,0.48572346120501597,10,policy_step_limit
8,endpoint,synthetic3d-108746,108746,moderate,True,0.0,5,acceptable
8,endpoint,synthetic3d-108940,108940,moderate,False,0.33779237057786426,10,policy_step_limit
8,endpoint,synthetic3d-108948,108948,hard,False,0.3035627793426776,10,policy_step_limit
8,trajectory,synthetic3d-100018,100018,moderate,False,0.5093685097976366,10,policy_step_limit
8,trajectory,synthetic3d-100040,100040,easy,True,0.0,9,acceptable
8,trajectory,synthetic3d-100182,100182,easy,True,0.0,9,acceptable
8,trajectory,synthetic3d-100232,100232,moderate,False,0.16692609455853713,10,policy_step_limit
8,trajectory,synthetic3d-100319,100319,hard,False,0.5098164373248559,10,policy_step_limit
8,trajectory,synthetic3d-100326,100326,moderate,True,0.0,8,acceptable
8,trajectory,synthetic3d-100492,100492,easy,True,0.0,2,acceptable
8,trajectory,synthetic3d-100882,100882,moderate,False,0.15670586805936804,10,policy_step_limit
8,trajectory,synthetic3d-100887,100887,easy,True,0.0,2,acceptable
8,trajectory,synthetic3d-101275,101275,moderate,True,0.0,2,acceptable
8,trajectory,synthetic3d-101320,101320,hard,False,0.52980834830144,10,policy_step_limit
8,trajectory,synthetic3d-101444,101444,hard,False,0.765311304098415,10,policy_step_limit
8,trajectory,synthetic3d-101566,101566,hard,False,0.36924030539171593,10,policy_step_limit
8,trajectory,synthetic3d-101567,101567,easy,False,0.004520107718074997,10,policy_step_limit
8,trajectory,synthetic3d-101622,101622,moderate,True,0.0,3,acceptable
8,trajectory,synthetic3d-101763,101763,moderate,False,0.17281044424882452,10,policy_step_limit
8,trajectory,synthetic3d-101788,101788,moderate,False,0.11920890487879432,10,policy_step_limit
8,trajectory,synthetic3d-101921,101921,hard,False,0.1398504947999588,10,policy_step_limit
8,trajectory,synthetic3d-102031,102031,easy,True,0.0,7,acceptable
8,trajectory,synthetic3d-102113,102113,hard,False,0.42711085923580616,10,policy_step_limit
8,trajectory,synthetic3d-102703,102703,moderate,True,0.0,3,acceptable
8,trajectory,synthetic3d-102905,102905,moderate,True,0.0,3,acceptable
8,trajectory,synthetic3d-103177,103177,hard,False,0.6500464515221974,10,policy_step_limit
8,trajectory,synthetic3d-103369,103369,easy,True,0.0,2,acceptable
8,trajectory,synthetic3d-103425,103425,easy,True,0.0,5,acceptable
8,trajectory,synthetic3d-103428,103428,easy,True,0.0,2,acceptable
8,trajectory,synthetic3d-103545,103545,moderate,False,0.0987909541410558,10,policy_step_limit
8,trajectory,synthetic3d-103574,103574,easy,True,0.0,9,acceptable
8,trajectory,synthetic3d-103710,103710,easy,True,0.0,2,acceptable
8,trajectory,synthetic3d-103884,103884,moderate,False,0.15044895353549054,10,policy_step_limit
8,trajectory,synthetic3d-103934,103934,hard,False,0.8411620823771021,10,policy_step_limit
8,trajectory,synthetic3d-103999,103999,moderate,False,0.25269741783614114,10,policy_step_limit
8,trajectory,synthetic3d-104063,104063,easy,True,0.0,7,acceptable
8,trajectory,synthetic3d-104099,104099,moderate,False,0.23149537857476088,10,policy_step_limit
8,trajectory,synthetic3d-104173,104173,easy,True,0.0,10,acceptable
8,trajectory,synthetic3d-104403,104403,easy,True,0.0,9,acceptable
8,trajectory,synthetic3d-104720,104720,easy,True,0.0,2,acceptable
8,trajectory,synthetic3d-104767,104767,easy,True,0.0,2,acceptable
8,trajectory,synthetic3d-105237,105237,moderate,False,0.13439792745253618,10,policy_step_limit
8,trajectory,synthetic3d-105609,105609,easy,False,0.044879674911498996,10,policy_step_limit
8,trajectory,synthetic3d-105963,105963,moderate,True,0.0,5,acceptable
8,trajectory,synthetic3d-106211,106211,moderate,True,0.0,2,acceptable
8,trajectory,synthetic3d-106524,106524,easy,True,0.0,3,acceptable
8,trajectory,synthetic3d-106643,106643,easy,True,0.0,2,acceptable
8,trajectory,synthetic3d-106762,106762,easy,True,0.0,2,acceptable
8,trajectory,synthetic3d-106905,106905,easy,True,0.0,2,acceptable
8,trajectory,synthetic3d-106955,106955,moderate,False,0.14094482644660775,10,policy_step_limit
8,trajectory,synthetic3d-107023,107023,moderate,True,0.0,2,acceptable
8,trajectory,synthetic3d-107125,107125,easy,True,0.0,7,acceptable
8,trajectory,synthetic3d-107427,107427,easy,True,0.0,2,acceptable
8,trajectory,synthetic3d-107511,107511,moderate,False,0.04019804561839382,10,policy_step_limit
8,trajectory,synthetic3d-107906,107906,moderate,False,0.021957621854894277,10,policy_step_limit
8,trajectory,synthetic3d-108121,108121,easy,True,0.0,3,acceptable
8,trajectory,synthetic3d-108206,108206,moderate,True,0.0,2,acceptable
8,trajectory,synthetic3d-108267,108267,easy,True,0.0,8,acceptable
8,trajectory,synthetic3d-108331,108331,easy,True,0.0,9,acceptable
8,trajectory,synthetic3d-108703,108703,hard,False,0.3118785900286301,10,policy_step_limit
8,trajectory,synthetic3d-108746,108746,moderate,False,0.06417225786848127,10,policy_step_limit
8,trajectory,synthetic3d-108940,108940,moderate,False,0.45333920852968784,10,policy_step_limit
8,trajectory,synthetic3d-108948,108948,hard,False,0.9350227756157514,10,policy_step_limit
9,endpoint,synthetic3d-100018,100018,moderate,True,0.0,6,acceptable
9,endpoint,synthetic3d-100040,100040,easy,True,0.0,6,acceptable
9,endpoint,synthetic3d-100182,100182,easy,True,0.0,2,acceptable
9,endpoint,synthetic3d-100232,100232,moderate,True,0.0,8,acceptable
9,endpoint,synthetic3d-100319,100319,hard,False,0.28545130366440397,10,policy_step_limit
9,endpoint,synthetic3d-100326,100326,moderate,False,0.11064510345458985,10,policy_step_limit
9,endpoint,synthetic3d-100492,100492,easy,True,0.0,2,acceptable
9,endpoint,synthetic3d-100882,100882,moderate,True,0.0,5,acceptable
9,endpoint,synthetic3d-100887,100887,easy,True,0.0,2,acceptable
9,endpoint,synthetic3d-101275,101275,moderate,True,0.0,3,acceptable
9,endpoint,synthetic3d-101320,101320,hard,False,0.2668340977519005,10,policy_step_limit
9,endpoint,synthetic3d-101444,101444,hard,False,0.07725263052946718,10,policy_step_limit
9,endpoint,synthetic3d-101566,101566,hard,False,0.38133511090654015,10,policy_step_limit
9,endpoint,synthetic3d-101567,101567,easy,True,0.0,6,acceptable
9,endpoint,synthetic3d-101622,101622,moderate,True,0.0,2,acceptable
9,endpoint,synthetic3d-101763,101763,moderate,False,0.13388996124267577,10,policy_step_limit
9,endpoint,synthetic3d-101788,101788,moderate,True,0.0,3,acceptable
9,endpoint,synthetic3d-101921,101921,hard,False,0.15613446327956118,10,policy_step_limit
9,endpoint,synthetic3d-102031,102031,easy,True,0.0,2,acceptable
9,endpoint,synthetic3d-102113,102113,hard,False,0.39004763855147595,10,policy_step_limit
9,endpoint,synthetic3d-102703,102703,moderate,True,0.0,3,acceptable
9,endpoint,synthetic3d-102905,102905,moderate,True,0.0,2,acceptable
9,endpoint,synthetic3d-103177,103177,hard,False,0.3280968623440464,10,policy_step_limit
9,endpoint,synthetic3d-103369,103369,easy,True,0.0,3,acceptable
9,endpoint,synthetic3d-103425,103425,easy,True,0.0,2,acceptable
9,endpoint,synthetic3d-103428,103428,easy,True,0.0,2,acceptable
9,endpoint,synthetic3d-103545,103545,moderate,False,0.2840086084134721,10,policy_step_limit
9,endpoint,synthetic3d-103574,103574,easy,False,0.14963724806114898,10,policy_step_limit
9,endpoint,synthetic3d-103710,103710,easy,True,0.0,2,acceptable
9,endpoint,synthetic3d-103884,103884,moderate,False,0.08029904085047102,10,policy_step_limit
9,endpoint,synthetic3d-103934,103934,hard,False,0.5727384597563188,10,policy_step_limit
9,endpoint,synthetic3d-103999,103999,moderate,False,0.4131344262070211,10,policy_step_limit
9,endpoint,synthetic3d-104063,104063,easy,True,0.0,2,acceptable
9,endpoint,synthetic3d-104099,104099,moderate,False,0.2639349937438965,10,policy_step_limit
9,endpoint,synthetic3d-104173,104173,easy,True,0.0,5,acceptable
9,endpoint,synthetic3d-104403,104403,easy,True,0.0,2,acceptable
9,endpoint,synthetic3d-104720,104720,easy,True,0.0,2,acceptable
9,endpoint,synthetic3d-104767,104767,easy,True,0.0,2,acceptable
9,endpoint,synthetic3d-105237,105237,moderate,False,0.2641890864470706,10,policy_step_limit
9,endpoint,synthetic3d-105609,105609,easy,False,0.11638812909969576,10,policy_step_limit
9,endpoint,synthetic3d-105963,105963,moderate,True,0.0,4,acceptable
9,endpoint,synthetic3d-106211,106211,moderate,True,0.0,3,acceptable
9,endpoint,synthetic3d-106524,106524,easy,True,0.0,2,acceptable
9,endpoint,synthetic3d-106643,106643,easy,True,0.0,2,acceptable
9,endpoint,synthetic3d-106762,106762,easy,True,0.0,2,acceptable
9,endpoint,synthetic3d-106905,106905,easy,True,0.0,2,acceptable
9,endpoint,synthetic3d-106955,106955,moderate,True,0.0,6,acceptable
9,endpoint,synthetic3d-107023,107023,moderate,True,0.0,2,acceptable
9,endpoint,synthetic3d-107125,107125,easy,True,0.0,6,acceptable
9,endpoint,synthetic3d-107427,107427,easy,True,0.0,2,acceptable
9,endpoint,synthetic3d-107511,107511,moderate,True,0.0,3,acceptable
9,endpoint,synthetic3d-107906,107906,moderate,True,0.0,3,acceptable
9,endpoint,synthetic3d-108121,108121,easy,True,0.0,2,acceptable
9,endpoint,synthetic3d-108206,108206,moderate,True,0.0,2,acceptable
9,endpoint,synthetic3d-108267,108267,easy,True,0.0,2,acceptable
9,endpoint,synthetic3d-108331,108331,easy,True,0.0,6,acceptable
9,endpoint,synthetic3d-108703,108703,hard,False,0.15093331580411115,10,policy_step_limit
9,endpoint,synthetic3d-108746,108746,moderate,False,0.19058849869626274,10,policy_step_limit
9,endpoint,synthetic3d-108940,108940,moderate,False,0.2504143461776045,10,policy_step_limit
9,endpoint,synthetic3d-108948,108948,hard,False,0.4596501238023627,10,policy_step_limit
9,trajectory,synthetic3d-100018,100018,moderate,False,0.4195163129200927,10,policy_step_limit
9,trajectory,synthetic3d-100040,100040,easy,True,0.0,5,acceptable
9,trajectory,synthetic3d-100182,100182,easy,True,0.0,6,acceptable
9,trajectory,synthetic3d-100232,100232,moderate,True,0.0,2,acceptable
9,trajectory,synthetic3d-100319,100319,hard,False,0.5146840853729333,10,policy_step_limit
9,trajectory,synthetic3d-100326,100326,moderate,True,0.0,9,acceptable
9,trajectory,synthetic3d-100492,100492,easy,True,0.0,2,acceptable
9,trajectory,synthetic3d-100882,100882,moderate,False,0.3361854073895729,10,policy_step_limit
9,trajectory,synthetic3d-100887,100887,easy,True,0.0,2,acceptable
9,trajectory,synthetic3d-101275,101275,moderate,True,0.0,7,acceptable
9,trajectory,synthetic3d-101320,101320,hard,False,0.2299401183928121,10,policy_step_limit
9,trajectory,synthetic3d-101444,101444,hard,False,0.717940273222726,10,policy_step_limit
9,trajectory,synthetic3d-101566,101566,hard,False,0.3132819075839476,10,policy_step_limit
9,trajectory,synthetic3d-101567,101567,easy,True,0.0,7,acceptable
9,trajectory,synthetic3d-101622,101622,moderate,True,0.0,3,acceptable
9,trajectory,synthetic3d-101763,101763,moderate,True,0.0,10,acceptable
9,trajectory,synthetic3d-101788,101788,moderate,False,0.005842399597167969,10,policy_step_limit
9,trajectory,synthetic3d-101921,101921,hard,False,0.2564699711095333,10,policy_step_limit
9,trajectory,synthetic3d-102031,102031,easy,True,0.0,4,acceptable
9,trajectory,synthetic3d-102113,102113,hard,False,0.7494611950769902,10,policy_step_limit
9,trajectory,synthetic3d-102703,102703,moderate,True,0.0,4,acceptable
9,trajectory,synthetic3d-102905,102905,moderate,True,0.0,2,acceptable
9,trajectory,synthetic3d-103177,103177,hard,False,0.050730957704431846,10,policy_step_limit
9,trajectory,synthetic3d-103369,103369,easy,True,0.0,3,acceptable
9,trajectory,synthetic3d-103425,103425,easy,True,0.0,4,acceptable
9,trajectory,synthetic3d-103428,103428,easy,True,0.0,2,acceptable
9,trajectory,synthetic3d-103545,103545,moderate,False,0.11799013474408315,10,policy_step_limit
9,trajectory,synthetic3d-103574,103574,easy,True,0.0,8,acceptable
9,trajectory,synthetic3d-103710,103710,easy,True,0.0,2,acceptable
9,trajectory,synthetic3d-103884,103884,moderate,False,0.2009023976931983,10,policy_step_limit
9,trajectory,synthetic3d-103934,103934,hard,False,0.4820447040313811,10,policy_step_limit
9,trajectory,synthetic3d-103999,103999,moderate,False,0.14512045243207145,10,policy_step_limit
9,trajectory,synthetic3d-104063,104063,easy,True,0.0,2,acceptable
9,trajectory,synthetic3d-104099,104099,moderate,False,0.35996603288735507,10,policy_step_limit
9,trajectory,synthetic3d-104173,104173,easy,True,0.0,7,acceptable
9,trajectory,synthetic3d-104403,104403,easy,True,0.0,2,acceptable
9,trajectory,synthetic3d-104720,104720,easy,True,0.0,2,acceptable
9,trajectory,synthetic3d-104767,104767,easy,True,0.0,2,acceptable
9,trajectory,synthetic3d-105237,105237,moderate,True,0.0,5,acceptable
9,trajectory,synthetic3d-105609,105609,easy,True,0.0,7,acceptable
9,trajectory,synthetic3d-105963,105963,moderate,True,0.0,3,acceptable
9,trajectory,synthetic3d-106211,106211,moderate,True,0.0,2,acceptable
9,trajectory,synthetic3d-106524,106524,easy,True,0.0,3,acceptable
9,trajectory,synthetic3d-106643,106643,easy,True,0.0,2,acceptable
9,trajectory,synthetic3d-106762,106762,easy,True,0.0,2,acceptable
9,trajectory,synthetic3d-106905,106905,easy,True,0.0,2,acceptable
9,trajectory,synthetic3d-106955,106955,moderate,False,0.10913436224877433,10,policy_step_limit
9,trajectory,synthetic3d-107023,107023,moderate,True,0.0,2,acceptable
9,trajectory,synthetic3d-107125,107125,easy,True,0.0,6,acceptable
9,trajectory,synthetic3d-107427,107427,easy,True,0.0,2,acceptable
9,trajectory,synthetic3d-107511,107511,moderate,True,0.0,10,acceptable
9,trajectory,synthetic3d-107906,107906,moderate,False,0.0361185831182143,10,policy_step_limit
9,trajectory,synthetic3d-108121,108121,easy,True,0.0,2,acceptable
9,trajectory,synthetic3d-108206,108206,moderate,True,0.0,5,acceptable
9,trajectory,synthetic3d-108267,108267,easy,True,0.0,7,acceptable
9,trajectory,synthetic3d-108331,108331,easy,True,0.0,6,acceptable
9,trajectory,synthetic3d-108703,108703,hard,True,0.0,10,acceptable
9,trajectory,synthetic3d-108746,108746,moderate,False,0.05905857765450384,10,policy_step_limit
9,trajectory,synthetic3d-108940,108940,moderate,False,0.4492669494796035,10,policy_step_limit
9,trajectory,synthetic3d-108948,108948,hard,False,0.9136596634179972,10,policy_step_limit
