seed,difficulty,mode,arc_like,angular_samples,angular_span_degrees,fluence_pixels,acceptable,target_d95,target_d02,maximum_oar_ratio,loss,elapsed_seconds,peak_memory_mib
19000,easy,static_4,False,4,270.0,256,True,0.9987847805023193,1.1155792474746704,0.8230322430182779,0.02068660408258438,1.8133663000771776,23.04736328125
19000,easy,static_12,False,12,330.0,768,True,1.0075122117996216,1.115565538406372,0.6038144214869935,0.00540958670899272,0.6491885000141338,65.81640625
19000,easy,arc_like_180,True,19,180.0,1216,True,1.006139874458313,1.1263210773468018,0.5972865250042407,0.005936694331467152,0.9175289000850171,103.2392578125
19000,easy,arc_like_360,True,36,350.0,2304,True,1.0110198259353638,1.11183500289917,0.5401950499542139,0.0036417567171156406,1.6646007999079302,198.8515625
19001,easy,static_4,False,4,270.0,256,True,1.0052915811538696,1.1585125923156738,0.7781545099676945,0.017838168889284134,0.6156052000587806,23.0458984375
19001,easy,static_12,False,12,330.0,768,True,1.007901906967163,1.1129716634750366,0.5181418160191887,0.002749089151620865,0.6785266000078991,65.81494140625
19001,easy,arc_like_180,True,19,180.0,1216,True,1.004523515701294,1.1282364130020142,0.5202464546833884,0.002577965846285224,0.8563842999283224,103.23779296875
19001,easy,arc_like_360,True,36,350.0,2304,True,1.0064520835876465,1.1101115942001343,0.45103564175645205,0.0014079856919124722,1.6380664999596775,198.85009765625
19002,easy,static_4,False,4,270.0,256,True,1.0033451318740845,1.2265021800994873,0.9576459062629746,0.07543215900659561,0.632511300034821,23.044921875
19002,easy,static_12,False,12,330.0,768,True,1.0129448175430298,1.1841827630996704,0.6499192431685088,0.036725446581840515,0.6527940999949351,65.81396484375
19002,easy,arc_like_180,True,19,180.0,1216,True,1.0111159086227417,1.1737606525421143,0.6076006876672226,0.03304276242852211,0.8540584000293165,103.23681640625
19002,easy,arc_like_360,True,36,350.0,2304,True,1.008495807647705,1.1791836023330688,0.5898375000151173,0.03160606324672699,1.6424799000378698,198.84912109375
19003,easy,static_4,False,4,270.0,256,False,0.9932180047035217,1.2598639726638794,1.020757511709815,0.11589481681585312,0.644592999946326,23.04736328125
19003,easy,static_12,False,12,330.0,768,True,0.998531699180603,1.1934130191802979,0.7732121483749604,0.06217648833990097,0.6544338999083266,65.81640625
19003,easy,arc_like_180,True,19,180.0,1216,True,1.000588297843933,1.1859595775604248,0.7471032734275352,0.05941326916217804,0.8680119999917224,103.2392578125
19003,easy,arc_like_360,True,36,350.0,2304,True,0.9988921284675598,1.1874949932098389,0.7319425198708636,0.056176938116550446,1.659823999973014,198.8515625
19004,moderate,static_4,False,4,270.0,256,False,0.9838935136795044,1.1425784826278687,1.0960460859355512,0.302094042301178,0.6861278000287712,23.048828125
19004,moderate,static_12,False,12,330.0,768,True,0.9979892373085022,1.2202497720718384,0.8926197809658111,0.18600842356681824,0.7303016000660136,65.81787109375
19004,moderate,arc_like_180,True,19,180.0,1216,True,1.0035924911499023,1.2404168844223022,0.8372613262420334,0.1743561327457428,0.9757376000052318,103.24072265625
19004,moderate,arc_like_360,True,36,350.0,2304,True,1.0060497522354126,1.2331517934799194,0.8315482341812253,0.16528165340423584,1.695287000038661,198.85302734375
19005,moderate,static_4,False,4,270.0,256,False,0.9826018810272217,1.157020092010498,1.0345306579443092,0.31190067529678345,0.6849134999793023,23.046875
19005,moderate,static_12,False,12,330.0,768,True,0.9868054389953613,1.1644142866134644,0.9092940679713833,0.20146888494491577,0.6780765000730753,65.81591796875
19005,moderate,arc_like_180,True,19,180.0,1216,True,0.9876469969749451,1.1781203746795654,0.874494360178764,0.1965945065021515,0.8854814999504015,103.23876953125
19005,moderate,arc_like_360,True,36,350.0,2304,True,0.9881782531738281,1.179750680923462,0.869452535777107,0.18506309390068054,1.6694332000333816,198.85107421875
19006,moderate,static_4,False,4,270.0,256,False,0.9695326685905457,1.0464756488800049,1.251114956977257,0.3899144232273102,0.7252660000231117,23.048828125
19006,moderate,static_12,False,12,330.0,768,True,0.987900972366333,1.0467782020568848,0.8902979327601006,0.13005395233631134,0.6984083000570536,65.81787109375
19006,moderate,arc_like_180,True,19,180.0,1216,True,0.9875090718269348,1.0564994812011719,0.928313381828538,0.13234737515449524,0.9000267999945208,103.24072265625
19006,moderate,arc_like_360,True,36,350.0,2304,True,0.9890354871749878,1.050034999847412,0.8593701504319647,0.11577659845352173,1.6722512000706047,198.85302734375
19007,moderate,static_4,False,4,270.0,256,False,0.9702422618865967,1.1996630430221558,1.2515424295966142,0.5569091439247131,0.7122994000092149,23.05078125
19007,moderate,static_12,False,12,330.0,768,False,0.9807336926460266,1.1595269441604614,1.1508907014689247,0.40888968110084534,0.721861399943009,65.81982421875
19007,moderate,arc_like_180,True,19,180.0,1216,False,0.9835845232009888,1.1472697257995605,1.1443059282784707,0.3979318141937256,0.9064331999979913,103.24267578125
19007,moderate,arc_like_360,True,36,350.0,2304,False,0.9876124858856201,1.1544378995895386,1.132735718724645,0.3916510343551636,1.6994142000330612,198.85498046875
19008,hard,static_4,False,4,270.0,256,False,0.9514114856719971,1.2788405418395996,1.3292721722054266,0.6115155220031738,0.7757893999805674,23.05517578125
19008,hard,static_12,False,12,330.0,768,False,0.9623266458511353,1.2940455675125122,1.246265531588101,0.4657498002052307,0.7656691999873146,65.82421875
19008,hard,arc_like_180,True,19,180.0,1216,False,0.9619250893592834,1.2918447256088257,1.2585956979743493,0.48546427488327026,0.9319629000965506,103.2470703125
19008,hard,arc_like_360,True,36,350.0,2304,False,0.9635642766952515,1.2875182628631592,1.2330801125695208,0.45239853858947754,1.7402061000466347,198.859375
19009,hard,static_4,False,4,270.0,256,False,0.9369404911994934,1.0304549932479858,1.516130863521321,1.0988260507583618,0.7709118999773636,23.0537109375
19009,hard,static_12,False,12,330.0,768,False,0.9681204557418823,1.1970494985580444,1.1135226289973292,0.43276017904281616,0.7719119000248611,65.82275390625
19009,hard,arc_like_180,True,19,180.0,1216,False,0.9683767557144165,1.1750788688659668,1.1170113936393415,0.4191392660140991,0.9435919000534341,103.24560546875
19009,hard,arc_like_360,True,36,350.0,2304,False,0.9688793420791626,1.1972395181655884,1.0991790131588992,0.4213411808013916,1.7337934999959543,198.85791015625
19010,hard,static_4,False,4,270.0,256,False,0.9406049251556396,1.1624177694320679,1.383005821393097,0.9086790680885315,0.7470248000463471,23.05517578125
19010,hard,static_12,False,12,330.0,768,False,0.9532799124717712,1.1934309005737305,1.3074530908991338,0.6497443914413452,0.7576313000172377,65.82421875
19010,hard,arc_like_180,True,19,180.0,1216,False,0.953751266002655,1.1907994747161865,1.3197913316942953,0.6644957065582275,0.9462625000160187,103.2470703125
19010,hard,arc_like_360,True,36,350.0,2304,False,0.9568570256233215,1.192746877670288,1.2867132201781066,0.619168758392334,1.736204499960877,198.859375
19011,hard,static_4,False,4,270.0,256,False,0.9287022352218628,1.097108244895935,1.4328479236527656,1.112617015838623,0.8324946999782696,23.05615234375
19011,hard,static_12,False,12,330.0,768,False,0.9521179795265198,1.1257855892181396,1.3900983133839069,0.7288464307785034,0.7358726999955252,65.8251953125
19011,hard,arc_like_180,True,19,180.0,1216,False,0.9524214267730713,1.1250977516174316,1.3939660047353433,0.737954318523407,0.9747360000619665,103.248046875
19011,hard,arc_like_360,True,36,350.0,2304,False,0.9541680812835693,1.1240986585617065,1.3653682511416825,0.6977745294570923,1.7156636000145227,198.8603515625
